{"text": "Protect yourself &amp; others from getting sick:\n1\u20e3 Wash your hands\n\ud83e\uddfc after coughing or sneezing\n\ud83e\uddfc when caring for the sick\n\ud83e\uddfc before, during &amp; after you prepare food\n\ud83e\uddfc before eating\n\ud83e\uddfc after toilet use\n\ud83e\uddfc when hands are visibly dirty\n\ud83e\uddfc after handling animals or animal waste https://t.co/wG8YTU0HJ7", "lang": "en", "id": "1218275053793619968", "source": "Twitter for iPhone", "conversation_id": "1218229883484155913", "created_at": "2020-01-17T20:53:01.000Z", "entities": {"urls": [{"start": 277, "end": 300, "url": "https://t.co/wG8YTU0HJ7", "expanded_url": "https://twitter.com/WHO/status/1218275053793619968/photo/1", "display_url": "pic.twitter.com/wG8YTU0HJ7"}]}, "author_id": "14499829", "in_reply_to_user_id": "14499829"}