{"text": "Working in wet markets?\nHere are some tips to stay healthy:\n\ud83e\uddfc Frequently wash your hands with soap and water after touching animals and animal products.\n\ud83e\uddfd Disinfect equipment and working areas at least once a day.\n\n#coronavirus https://t.co/CP40UG8mDH", "entities": {"hashtags": [{"start": 215, "end": 227, "tag": "coronavirus"}], "urls": [{"start": 228, "end": 251, "url": "https://t.co/CP40UG8mDH", "expanded_url": "https://twitter.com/WHO/status/1218573492783808513/photo/1", "display_url": "pic.twitter.com/CP40UG8mDH"}]}, "lang": "en", "id": "1218573492783808513", "source": "Twitter for iPhone", "conversation_id": "1218229883484155913", "created_at": "2020-01-18T16:38:55.000Z", "author_id": "14499829", "in_reply_to_user_id": "14499829"}