{"text": "Wash your \ud83d\udd90\ud83c\udffc with \ud83e\uddfc and running water when hands are visibly dirty.\n\nIf your \ud83d\udd90\ud83c\udffc are not visibly dirty, wash them with \ud83e\uddfc and water or use an alcohol-based hand cleanser.\n\n#coronavirus https://t.co/rjsmKwm9Tv", "entities": {"hashtags": [{"start": 170, "end": 182, "tag": "coronavirus"}], "urls": [{"start": 183, "end": 206, "url": "https://t.co/rjsmKwm9Tv", "expanded_url": "https://twitter.com/WHO/status/1218276045171953670/photo/1", "display_url": "pic.twitter.com/rjsmKwm9Tv"}]}, "lang": "en", "id": "1218276045171953670", "source": "Twitter for iPhone", "conversation_id": "1218229883484155913", "created_at": "2020-01-17T20:56:58.000Z", "author_id": "14499829", "in_reply_to_user_id": "14499829"}