{"text": "Q: Is there a treatment for a novel #coronavirus infection?\nA: There is no specific treatment for disease caused by a novel coronavirus. However, many of the symptoms can be treated and therefore treatment is based on the patient\u2019s clinical condition https://t.co/PKzKaO2yfK https://t.co/QxNg634JdS", "entities": {"hashtags": [{"start": 36, "end": 48, "tag": "coronavirus"}], "urls": [{"start": 251, "end": 274, "url": "https://t.co/PKzKaO2yfK", "expanded_url": "http://bit.ly/2tMEBmu", "display_url": "bit.ly/2tMEBmu"}, {"start": 275, "end": 298, "url": "https://t.co/QxNg634JdS", "expanded_url": "https://twitter.com/WHO/status/1218255692831903744/photo/1", "display_url": "pic.twitter.com/QxNg634JdS"}]}, "lang": "en", "id": "1218255692831903744", "source": "Twitter for iPhone", "conversation_id": "1218229883484155913", "created_at": "2020-01-17T19:36:05.000Z", "author_id": "14499829", "in_reply_to_user_id": "14499829"}