{"text": "Protect yourself &amp; others from getting sick:\n5\u20e3 Practice #FoodSafety \ud83c\udf7d \n\n\ud83d\udc49\ud83c\udffc https://t.co/Dcv7C9iBGy\n\n#coronavirus https://t.co/8Fpsgjtop7", "entities": {"hashtags": [{"start": 61, "end": 72, "tag": "FoodSafety"}, {"start": 105, "end": 117, "tag": "coronavirus"}], "urls": [{"start": 80, "end": 103, "url": "https://t.co/Dcv7C9iBGy", "expanded_url": "http://bit.ly/2I4vOBd", "display_url": "bit.ly/2I4vOBd"}, {"start": 118, "end": 141, "url": "https://t.co/8Fpsgjtop7", "expanded_url": "https://twitter.com/WHO/status/1218525082819223553/photo/1", "display_url": "pic.twitter.com/8Fpsgjtop7"}]}, "lang": "en", "id": "1218525082819223553", "source": "Twitter for iPhone", "conversation_id": "1218229883484155913", "created_at": "2020-01-18T13:26:33.000Z", "author_id": "14499829", "in_reply_to_user_id": "14499829"}