{"text": "Shopping in wet markets?\nHere are tips to stay healthy\n\ud83e\uddfc Wash hands with soap &amp; water after touching animals and animal products\n\ud83e\udd0f\ud83c\udffc Avoid touching \ud83d\udc41\ud83d\udc43\ud83c\udffc\ud83d\udc44\n\u2757\ufe0fAvoid contact with sick animals and spoiled meat\n\ud83d\uddd1 Avoid contact with stray animals, waste &amp; fluids in market\n#coronavirus https://t.co/DaPMbakD47", "entities": {"hashtags": [{"start": 272, "end": 284, "tag": "coronavirus"}], "urls": [{"start": 285, "end": 308, "url": "https://t.co/DaPMbakD47", "expanded_url": "https://twitter.com/WHO/status/1218567782771712001/photo/1", "display_url": "pic.twitter.com/DaPMbakD47"}]}, "lang": "en", "id": "1218567782771712001", "source": "Twitter for iPhone", "conversation_id": "1218229883484155913", "created_at": "2020-01-18T16:16:13.000Z", "author_id": "14499829", "in_reply_to_user_id": "14499829"}