{"text": "How to handwash?\nUse \ud83e\uddfc and water for at least 40-60 seconds\n\nHow to handrub?\nUse alcohol-based handrub \ud83e\uddf4 for 20-30 seconds \n\n#coronavirus https://t.co/aguCZSe0lX", "entities": {"hashtags": [{"start": 125, "end": 137, "tag": "coronavirus"}], "urls": [{"start": 138, "end": 161, "url": "https://t.co/aguCZSe0lX", "expanded_url": "https://twitter.com/WHO/status/1218287060815110145/photo/1", "display_url": "pic.twitter.com/aguCZSe0lX"}, {"start": 138, "end": 161, "url": "https://t.co/aguCZSe0lX", "expanded_url": "https://twitter.com/WHO/status/1218287060815110145/photo/1", "display_url": "pic.twitter.com/aguCZSe0lX"}]}, "lang": "en", "id": "1218287060815110145", "source": "Twitter for iPhone", "conversation_id": "1218229883484155913", "created_at": "2020-01-17T21:40:44.000Z", "author_id": "14499829", "in_reply_to_user_id": "14499829"}