{"text": "\ud83e\uddfb Throw the used tissue into a closed bin immediately after use\n\ud83e\uddfc Clean hands with soap and water or alcohol-based handrub after coughing or sneezing \ud83e\udd27 and when caring for the sick\n\n#coronavirus https://t.co/GsbdXlcJNZ", "entities": {"hashtags": [{"start": 182, "end": 194, "tag": "coronavirus"}], "urls": [{"start": 195, "end": 218, "url": "https://t.co/GsbdXlcJNZ", "expanded_url": "https://twitter.com/WHO/status/1218288568277270528", "display_url": "twitter.com/WHO/status/121\u2026"}]}, "lang": "en", "id": "1218295625172824066", "source": "Twitter for iPhone", "conversation_id": "1218229883484155913", "created_at": "2020-01-17T22:14:46.000Z", "author_id": "14499829", "in_reply_to_user_id": "14499829"}