{"text": "@WHO @WHOThailand @WHOKobe @WHOSEARO @WHOWPRO Useless, as usual.", "lang": "en", "id": "1218594955846987776", "source": "Twitter for iPhone", "entities": {"mentions": [{"start": 0, "end": 4, "username": "WHO", "id": "14499829"}, {"start": 5, "end": 17, "username": "WHOThailand", "id": "479264032"}, {"start": 18, "end": 26, "username": "WHOKobe", "id": "538804810"}, {"start": 27, "end": 36, "username": "WHOSEARO", "id": "1545915336"}, {"start": 37, "end": 45, "username": "WHOWPRO", "id": "3794682452"}]}, "conversation_id": "1218229883484155913", "created_at": "2020-01-18T18:04:12.000Z", "author_id": "1049302965595648001", "in_reply_to_user_id": "14499829"}