{"text": "Protect others from getting sick:\n3\u20e3 \n\ud83d\udd3aAvoid close contact when you are experiencing fever and cold or flu-like symptoms \ud83e\udd27.\n\ud83d\udd3aAvoid spitting in public.\n\ud83d\udd3aSeek medical care \ud83d\udc69\ud83c\udffb\u200d\u2695\ufe0f\ud83d\udc68\ud83c\udffb\u200d\u2695\ufe0f if you have a fever \ud83e\udd12, cough and difficulty breathing.\n\n#coronavirus https://t.co/GUk9Ahl5lq", "entities": {"hashtags": [{"start": 237, "end": 249, "tag": "coronavirus"}], "urls": [{"start": 250, "end": 273, "url": "https://t.co/GUk9Ahl5lq", "expanded_url": "https://twitter.com/WHO/status/1218507579225268224/photo/1", "display_url": "pic.twitter.com/GUk9Ahl5lq"}]}, "lang": "en", "id": "1218507579225268224", "source": "Twitter for iPhone", "conversation_id": "1218229883484155913", "created_at": "2020-01-18T12:17:00.000Z", "author_id": "14499829", "in_reply_to_user_id": "14499829"}