{"text": "Practise #FoodSafety:\nEven in areas experiencing outbreaks, \ud83e\udd69\ud83c\udf57 meat products can be safely consumed if these items are cooked thoroughly and properly handled during food preparation.\n\n#coronavirus https://t.co/JxS9U1IvBn", "entities": {"hashtags": [{"start": 9, "end": 20, "tag": "FoodSafety"}, {"start": 184, "end": 196, "tag": "coronavirus"}], "urls": [{"start": 197, "end": 220, "url": "https://t.co/JxS9U1IvBn", "expanded_url": "https://twitter.com/WHO/status/1218548114950443008/photo/1", "display_url": "pic.twitter.com/JxS9U1IvBn"}]}, "lang": "en", "id": "1218548114950443008", "source": "Twitter for iPhone", "conversation_id": "1218229883484155913", "created_at": "2020-01-18T14:58:04.000Z", "author_id": "14499829", "in_reply_to_user_id": "14499829"}