{"text": "Q: What can I do to protect myself from #coronavirus?\n\nA: https://t.co/PKzKaO2yfK https://t.co/eNhlhR0PEq", "entities": {"hashtags": [{"start": 40, "end": 52, "tag": "coronavirus"}], "urls": [{"start": 58, "end": 81, "url": "https://t.co/PKzKaO2yfK", "expanded_url": "http://bit.ly/2tMEBmu", "display_url": "bit.ly/2tMEBmu"}, {"start": 82, "end": 105, "url": "https://t.co/eNhlhR0PEq", "expanded_url": "https://twitter.com/WHO/status/1218269428166602753/photo/1", "display_url": "pic.twitter.com/eNhlhR0PEq"}]}, "lang": "en", "id": "1218269428166602753", "source": "Twitter for iPhone", "conversation_id": "1218229883484155913", "created_at": "2020-01-17T20:30:40.000Z", "author_id": "14499829", "in_reply_to_user_id": "14499829"}