{"text": "Practise #FoodSafety:\n\ud83d\udd2aUse different chopping boards &amp; knives for raw meat and cooked foods.\n\ud83e\uddfc Wash your hands in between handling raw and cooked food.\n\n#coronavirus https://t.co/8jxnyTM2AW", "entities": {"hashtags": [{"start": 9, "end": 20, "tag": "FoodSafety"}, {"start": 157, "end": 169, "tag": "coronavirus"}], "urls": [{"start": 170, "end": 193, "url": "https://t.co/8jxnyTM2AW", "expanded_url": "https://twitter.com/WHO/status/1218530492619853824/photo/1", "display_url": "pic.twitter.com/8jxnyTM2AW"}]}, "lang": "en", "id": "1218530492619853824", "source": "Twitter for iPhone", "conversation_id": "1218229883484155913", "created_at": "2020-01-18T13:48:03.000Z", "author_id": "14499829", "in_reply_to_user_id": "14499829"}