{"text": "Protect yourself from getting sick:\n4\u20e3 Avoiding unprotected contact with sick people \ud83e\udd12 (including touching one\u2019s eyes, nose or mouth) and with live farm \ud83d\udc13\ud83d\udc16\ud83d\udc04 or wild animals \ud83e\udd87\ud83d\udc12\n\n#coronavirus https://t.co/UdH77WMGt7", "entities": {"hashtags": [{"start": 177, "end": 189, "tag": "coronavirus"}], "urls": [{"start": 190, "end": 213, "url": "https://t.co/UdH77WMGt7", "expanded_url": "https://twitter.com/WHO/status/1218517559701594113/photo/1", "display_url": "pic.twitter.com/UdH77WMGt7"}]}, "lang": "en", "id": "1218517559701594113", "source": "Twitter for iPhone", "conversation_id": "1218229883484155913", "created_at": "2020-01-18T12:56:39.000Z", "author_id": "14499829", "in_reply_to_user_id": "14499829"}