{"text": "Practise #FoodSafety:\n\u274cSick animals and animals that have died of diseases should not be eaten.\n\n#coronavirus https://t.co/mF3Tage79E", "entities": {"hashtags": [{"start": 9, "end": 20, "tag": "FoodSafety"}, {"start": 97, "end": 109, "tag": "coronavirus"}], "urls": [{"start": 110, "end": 133, "url": "https://t.co/mF3Tage79E", "expanded_url": "https://twitter.com/WHO/status/1218544031409545216/photo/1", "display_url": "pic.twitter.com/mF3Tage79E"}]}, "lang": "en", "id": "1218544031409545216", "source": "Twitter for iPhone", "conversation_id": "1218229883484155913", "created_at": "2020-01-18T14:41:51.000Z", "author_id": "14499829", "in_reply_to_user_id": "14499829"}