{"text": "Protect others from getting sick:\n2\u20e3 Completely cover your mouth &amp; nose with a tissue or a sleeve or flexed elbow when coughing or sneezing \ud83e\udd27\n\n#coronavirus https://t.co/mFnUq685xT", "entities": {"hashtags": [{"start": 147, "end": 159, "tag": "coronavirus"}], "urls": [{"start": 160, "end": 183, "url": "https://t.co/mFnUq685xT", "expanded_url": "https://twitter.com/WHO/status/1218288568277270528/photo/1", "display_url": "pic.twitter.com/mFnUq685xT"}]}, "lang": "en", "id": "1218288568277270528", "source": "Twitter for iPhone", "conversation_id": "1218229883484155913", "created_at": "2020-01-17T21:46:44.000Z", "author_id": "14499829", "in_reply_to_user_id": "14499829"}