{"entities": {"mentions": [{"start": 0, "end": 9, "username": "DrTedros", "id": "189868631"}, {"start": 10, "end": 18, "username": "WHOWPRO", "id": "3794682452"}, {"start": 19, "end": 28, "username": "WHOSEARO", "id": "1545915336"}, {"start": 29, "end": 37, "username": "pahowho", "id": "20629893"}, {"start": 38, "end": 46, "username": "WHOEMRO", "id": "259372802"}, {"start": 47, "end": 58, "username": "WHO_Europe", "id": "125403342"}, {"start": 59, "end": 67, "username": "WHOAFRO", "id": "544389588"}], "hashtags": [{"start": 171, "end": 183, "tag": "coronavirus"}], "urls": [{"start": 146, "end": 169, "url": "https://t.co/1JuCwPTvoY", "expanded_url": "http://bit.ly/38wcV4w", "display_url": "bit.ly/38wcV4w"}, {"start": 184, "end": 207, "url": "https://t.co/YiGIqINQyj", "expanded_url": "https://twitter.com/WHO/status/1219977996515401728/photo/1", "display_url": "pic.twitter.com/YiGIqINQyj"}], "annotations": [{"start": 84, "end": 135, "probability": 0.5936, "type": "Organization", "normalized_text": "International Health Regulations Emergency Committee"}]}, "author_id": "14499829", "source": "Twitter Web App", "text": "@DrTedros @WHOWPRO @WHOSEARO @pahowho @WHOEMRO @WHO_Europe @WHOAFRO Q: How does the International Health Regulations Emergency Committee work?\nA: https://t.co/1JuCwPTvoY\n\n#coronavirus https://t.co/YiGIqINQyj", "lang": "en", "id": "1219977996515401728", "created_at": "2020-01-22T13:39:55.000Z", "in_reply_to_user_id": "14499829", "conversation_id": "1219944437020872704"}