{"text": "Working in wet markets?\nStay healthy:\n\ud83e\udde4Wear protective gowns, gloves and facial protection while handling animals &amp; animal products\n\ud83e\uddfa Remove protective clothing after work, wash daily &amp; leave at the work site\n\ud83d\udc68\u200d\ud83d\udc69\u200d\ud83d\udc67\u200d\ud83d\udc66 Avoid exposing family members to soiled work clothing &amp; shoes https://t.co/tSD8gvOMYC", "lang": "en", "id": "1219160667330097152", "source": "Twitter for iPhone", "conversation_id": "1218229883484155913", "created_at": "2020-01-20T07:32:08.000Z", "entities": {"urls": [{"start": 291, "end": 314, "url": "https://t.co/tSD8gvOMYC", "expanded_url": "https://twitter.com/WHO/status/1219160667330097152/photo/1", "display_url": "pic.twitter.com/tSD8gvOMYC"}]}, "author_id": "14499829", "in_reply_to_user_id": "14499829"}