{"text": "@WHO @WHOThailand @WHOKobe @WHOSEARO @WHOWPRO This is a legitimate and terrible risk of becoming a pandemic.", "lang": "en", "id": "1219639573732524035", "source": "Twitter for iPhone", "entities": {"mentions": [{"start": 0, "end": 4, "username": "WHO", "id": "14499829"}, {"start": 5, "end": 17, "username": "WHOThailand", "id": "479264032"}, {"start": 18, "end": 26, "username": "WHOKobe", "id": "538804810"}, {"start": 27, "end": 36, "username": "WHOSEARO", "id": "1545915336"}, {"start": 37, "end": 45, "username": "WHOWPRO", "id": "3794682452"}]}, "conversation_id": "1218229883484155913", "created_at": "2020-01-21T15:15:08.000Z", "author_id": "820103073074966528", "in_reply_to_user_id": "14499829"}