{"entities": {"mentions": [{"start": 0, "end": 9, "username": "DrTedros", "id": "189868631"}, {"start": 10, "end": 18, "username": "WHOWPRO", "id": "3794682452"}, {"start": 19, "end": 28, "username": "WHOSEARO", "id": "1545915336"}, {"start": 29, "end": 37, "username": "pahowho", "id": "20629893"}, {"start": 38, "end": 46, "username": "WHOEMRO", "id": "259372802"}, {"start": 47, "end": 58, "username": "WHO_Europe", "id": "125403342"}, {"start": 59, "end": 67, "username": "WHOAFRO", "id": "544389588"}], "annotations": [{"start": 111, "end": 162, "probability": 0.8375, "type": "Organization", "normalized_text": "International Health Regulations Emergency Committee"}], "urls": [{"start": 204, "end": 227, "url": "https://t.co/PpFK8gSt25", "expanded_url": "http://bit.ly/2RGMfHz", "display_url": "bit.ly/2RGMfHz"}, {"start": 228, "end": 251, "url": "https://t.co/7sdmrHXGVr", "expanded_url": "https://twitter.com/WHO/status/1219980594521739265/photo/1", "display_url": "pic.twitter.com/7sdmrHXGVr"}], "hashtags": [{"start": 175, "end": 187, "tag": "coronavirus"}]}, "source": "Twitter Web App", "created_at": "2020-01-22T13:50:14.000Z", "text": "@DrTedros @WHOWPRO @WHOSEARO @pahowho @WHOEMRO @WHO_Europe @WHOAFRO Q: Who are the members and advisers of the International Health Regulations Emergency Committee on the new #coronavirus (2019-nCoV)?\nA: https://t.co/PpFK8gSt25 https://t.co/7sdmrHXGVr", "in_reply_to_user_id": "14499829", "lang": "en", "author_id": "14499829", "id": "1219980594521739265", "conversation_id": "1219944437020872704"}