{"entities": {"mentions": [{"start": 0, "end": 9, "username": "DrTedros", "id": "189868631"}, {"start": 10, "end": 18, "username": "WHOWPRO", "id": "3794682452"}, {"start": 19, "end": 28, "username": "WHOSEARO", "id": "1545915336"}, {"start": 29, "end": 37, "username": "pahowho", "id": "20629893"}, {"start": 38, "end": 46, "username": "WHOEMRO", "id": "259372802"}, {"start": 47, "end": 58, "username": "WHO_Europe", "id": "125403342"}, {"start": 59, "end": 67, "username": "WHOAFRO", "id": "544389588"}], "annotations": [{"start": 97, "end": 148, "probability": 0.7686, "type": "Organization", "normalized_text": "International Health Regulations Emergency Committee"}], "urls": [{"start": 154, "end": 177, "url": "https://t.co/1JuCwPTvoY", "expanded_url": "http://bit.ly/38wcV4w", "display_url": "bit.ly/38wcV4w"}, {"start": 192, "end": 215, "url": "https://t.co/8XtygR3lLC", "expanded_url": "https://twitter.com/WHO/status/1219979825848442880/photo/1", "display_url": "pic.twitter.com/8XtygR3lLC"}], "hashtags": [{"start": 179, "end": 191, "tag": "coronavirus"}]}, "source": "Twitter Web App", "created_at": "2020-01-22T13:47:11.000Z", "text": "@DrTedros @WHOWPRO @WHOSEARO @pahowho @WHOEMRO @WHO_Europe @WHOAFRO Q: Who are the members of an International Health Regulations Emergency Committee?\nA: https://t.co/1JuCwPTvoY\n\n#coronavirus https://t.co/8XtygR3lLC", "in_reply_to_user_id": "14499829", "lang": "en", "author_id": "14499829", "id": "1219979825848442880", "conversation_id": "1219944437020872704"}