{"entities": {"annotations": [{"start": 103, "end": 107, "probability": 0.9664, "type": "Place", "normalized_text": "China"}, {"start": 134, "end": 138, "probability": 0.9953, "type": "Place", "normalized_text": "India"}, {"start": 195, "end": 199, "probability": 0.9916, "type": "Place", "normalized_text": "India"}], "mentions": [{"start": 0, "end": 4, "username": "WHO", "id": "14499829"}, {"start": 5, "end": 14, "username": "DrTedros", "id": "189868631"}, {"start": 15, "end": 23, "username": "WHOWPRO", "id": "3794682452"}, {"start": 24, "end": 33, "username": "WHOSEARO", "id": "1545915336"}, {"start": 34, "end": 42, "username": "pahowho", "id": "20629893"}, {"start": 43, "end": 51, "username": "WHOEMRO", "id": "259372802"}, {"start": 52, "end": 63, "username": "WHO_Europe", "id": "125403342"}, {"start": 64, "end": 72, "username": "WHOAFRO", "id": "544389588"}]}, "author_id": "793009051", "in_reply_to_user_id": "14499829", "created_at": "2020-01-22T19:42:09.000Z", "id": "1220069155749158914", "text": "@WHO @DrTedros @WHOWPRO @WHOSEARO @pahowho @WHOEMRO @WHO_Europe @WHOAFRO Hundreds of med students left China a week ago to go home to India for the holiday break .... my daughter is traveling to India on business and her company needs to warned !!! Please step it up", "source": "Twitter for iPhone", "lang": "en", "conversation_id": "1219944437020872704"}