{"text": "@WHOPhilippines @WHO_Mongolia @takeshi_kasai @DOHgov @KKMPutrajaya @KoreaCDC @WHOKobe @AMRCRC_JAPAN @MHLWitter @jameschau @minhealthnz @MoHFW_INDIA @minhealthci @sporeMOH @loyingru @SonjaTanevska @DrRasul_WHO @WHO Stay healthy while travelling!\n\ud83e\udd12Avoid travelling if you have a fever and cough.\n\ud83c\udfe5If you have a fever, cough &amp; difficulty breathing, seek medical care early and share previous travel history with your health care provider https://t.co/OWcIfPAlFW", "lang": "en", "id": "1220520711078342657", "source": "Twitter Web App", "entities": {"mentions": [{"start": 0, "end": 15, "username": "WHOPhilippines", "id": "2218026914"}, {"start": 30, "end": 44, "username": "takeshi_kasai", "id": "918829268372635648"}, {"start": 53, "end": 66, "username": "KKMPutrajaya", "id": "531041640"}, {"start": 77, "end": 85, "username": "WHOKobe", "id": "538804810"}, {"start": 86, "end": 99, "username": "AMRCRC_JAPAN", "id": "855223341581336576"}, {"start": 100, "end": 110, "username": "MHLWitter", "id": "180585090"}, {"start": 111, "end": 121, "username": "jameschau", "id": "20897050"}, {"start": 122, "end": 134, "username": "minhealthnz", "id": "46540286"}, {"start": 135, "end": 147, "username": "MoHFW_INDIA", "id": "2596143056"}, {"start": 148, "end": 160, "username": "minhealthci", "id": "898336321906671616"}, {"start": 161, "end": 170, "username": "sporeMOH", "id": "78772642"}, {"start": 171, "end": 180, "username": "loyingru", "id": "2776334448"}, {"start": 181, "end": 195, "username": "SonjaTanevska", "id": "280490935"}, {"start": 196, "end": 208, "username": "DrRasul_WHO", "id": "353244164"}, {"start": 209, "end": 213, "username": "WHO", "id": "14499829"}], "urls": [{"start": 439, "end": 462, "url": "https://t.co/OWcIfPAlFW", "expanded_url": "https://twitter.com/WHOWPRO/status/1220520711078342657/photo/1", "display_url": "pic.twitter.com/OWcIfPAlFW"}]}, "conversation_id": "1220148747797024768", "created_at": "2020-01-24T01:36:28.000Z", "author_id": "3794682452", "in_reply_to_user_id": "3794682452"}