{"text": "@WHO @WHOThailand @WHOKobe @WHOSEARO @WHOWPRO *Pepper* good medicine... https://t.co/dn0zBJp8vk", "lang": "en", "id": "1221737830965108736", "source": "Twitter for Android", "entities": {"mentions": [{"start": 0, "end": 4, "username": "WHO", "id": "14499829"}, {"start": 5, "end": 17, "username": "WHOThailand", "id": "479264032"}, {"start": 18, "end": 26, "username": "WHOKobe", "id": "538804810"}, {"start": 27, "end": 36, "username": "WHOSEARO", "id": "1545915336"}, {"start": 37, "end": 45, "username": "WHOWPRO", "id": "3794682452"}], "urls": [{"start": 72, "end": 95, "url": "https://t.co/dn0zBJp8vk", "expanded_url": "https://twitter.com/saravan73028176/status/1221737830965108736/photo/1", "display_url": "pic.twitter.com/dn0zBJp8vk"}]}, "conversation_id": "1218229883484155913", "created_at": "2020-01-27T10:12:52.000Z", "author_id": "1201399702769422339", "in_reply_to_user_id": "14499829"}