{"id": "1221840413700562944", "in_reply_to_user_id": "14499829", "entities": {"urls": [{"start": 321, "end": 344, "url": "https://t.co/VyFEUfGWgM", "expanded_url": "https://twitter.com/WHO/status/1221840413700562944/photo/1", "display_url": "pic.twitter.com/VyFEUfGWgM"}], "hashtags": [{"start": 122, "end": 134, "tag": "coronavirus"}], "mentions": [{"start": 0, "end": 8, "username": "WHOWPRO", "id": "3794682452"}, {"start": 9, "end": 18, "username": "WHOSEARO", "id": "1545915336"}, {"start": 19, "end": 30, "username": "WHO_Europe", "id": "125403342"}, {"start": 31, "end": 39, "username": "pahowho", "id": "20629893"}, {"start": 40, "end": 48, "username": "WHOEMRO", "id": "259372802"}, {"start": 49, "end": 57, "username": "WHOAFRO", "id": "544389588"}]}, "author_id": "14499829", "created_at": "2020-01-27T17:00:29.000Z", "conversation_id": "1221800661039419398", "source": "Twitter Web App", "text": "@WHOWPRO @WHOSEARO @WHO_Europe @pahowho @WHOEMRO @WHOAFRO Q: Are there any specific medicines to prevent or treat the new #coronavirus (2019-nCoV)?\nA: To date, there is no specific medicine recommended to prevent or treat the virus.\nWHO is helping to accelerate research and development efforts with a range of partners. https://t.co/VyFEUfGWgM", "lang": "en"}