{"author_id": "777959737379938306", "lang": "en", "source": "Twitter for Android", "text": "@WHO @WHOWPRO @WHOSEARO @WHO_Europe @pahowho @WHOEMRO @WHOAFRO Why aren't the specific planes being grounded? Won't the aircraft's become carriers? Any idea how long it's alive on a hard surface? What should compromised immune system individuals do differently? We all need precautions, this is scary?", "entities": {"mentions": [{"start": 0, "end": 4, "username": "WHO", "id": "14499829"}, {"start": 5, "end": 13, "username": "WHOWPRO", "id": "3794682452"}, {"start": 14, "end": 23, "username": "WHOSEARO", "id": "1545915336"}, {"start": 24, "end": 35, "username": "WHO_Europe", "id": "125403342"}, {"start": 36, "end": 44, "username": "pahowho", "id": "20629893"}, {"start": 45, "end": 53, "username": "WHOEMRO", "id": "259372802"}, {"start": 54, "end": 62, "username": "WHOAFRO", "id": "544389588"}]}, "created_at": "2020-01-27T14:29:26.000Z", "id": "1221802397451812864", "in_reply_to_user_id": "14499829", "conversation_id": "1221800661039419398"}