{"text": "@WHO @WHOWPRO @WHOSEARO @WHO_Europe @pahowho @WHOEMRO @WHOAFRO Today I saw GOD sitting inside SUN......He was keep on transforming in to ALLAH &amp; SHIV every 2 sec....Three form GOD, ALLAH &amp; SHIV every 2 sec.\n\nCould you please watch yourselves and confirm whether my MIND has gone out of order...... So that I can visit any psychiatric hospital.", "lang": "en", "id": "1221801296333664267", "source": "Twitter Web App", "entities": {"mentions": [{"start": 0, "end": 4, "username": "WHO", "id": "14499829"}, {"start": 5, "end": 13, "username": "WHOWPRO", "id": "3794682452"}, {"start": 14, "end": 23, "username": "WHOSEARO", "id": "1545915336"}, {"start": 24, "end": 35, "username": "WHO_Europe", "id": "125403342"}, {"start": 36, "end": 44, "username": "pahowho", "id": "20629893"}, {"start": 45, "end": 53, "username": "WHOEMRO", "id": "259372802"}, {"start": 54, "end": 62, "username": "WHOAFRO", "id": "544389588"}], "annotations": [{"start": 75, "end": 77, "probability": 0.9644, "type": "Other", "normalized_text": "GOD"}, {"start": 137, "end": 141, "probability": 0.8191, "type": "Other", "normalized_text": "ALLAH"}, {"start": 176, "end": 178, "probability": 0.9559, "type": "Other", "normalized_text": "GOD"}, {"start": 181, "end": 185, "probability": 0.7717, "type": "Other", "normalized_text": "ALLAH"}]}, "conversation_id": "1221800661039419398", "created_at": "2020-01-27T14:25:03.000Z", "author_id": "922789731049521158", "in_reply_to_user_id": "14499829"}