{"id": "1221502415117193216", "in_reply_to_user_id": "259372802", "entities": {"urls": [{"start": 153, "end": 176, "url": "https://t.co/l4STCM9Uuu", "expanded_url": "https://twitter.com/WHOEMRO/status/1221502415117193216/photo/1", "display_url": "pic.twitter.com/l4STCM9Uuu"}], "hashtags": [{"start": 139, "end": 152, "tag": "coronarvirus"}]}, "author_id": "259372802", "created_at": "2020-01-26T18:37:24.000Z", "conversation_id": "1221423008809725952", "source": "Twitter Web Client", "text": "Avoiding unprotected contact with sick people \ud83e\udd12 (including touching one\u2019s eyes, nose or mouth) and with live farm \ud83d\udc13\ud83d\udc16\ud83d\udc04\ud83d\udc2a or wild animals \ud83e\udd87\ud83d\udc12\n\n#coronarvirus https://t.co/l4STCM9Uuu", "lang": "en"}