{"id": "1221449203068608512", "in_reply_to_user_id": "259372802", "entities": {"urls": [{"start": 282, "end": 305, "url": "https://t.co/CZmIL541MW", "expanded_url": "https://twitter.com/WHOEMRO/status/1221449203068608512/photo/1", "display_url": "pic.twitter.com/CZmIL541MW"}], "hashtags": [{"start": 268, "end": 281, "tag": "coronarvirus"}]}, "author_id": "259372802", "created_at": "2020-01-26T15:05:58.000Z", "conversation_id": "1221423008809725952", "source": "Twitter Web Client", "text": "Protect yourself &amp; others from getting sick:\nWash your hands\n\ud83e\uddfcafter coughing or sneezing\n\ud83e\uddfcwhen caring for the sick\n\ud83e\uddfcbefore, during &amp; after you prepare food\n\ud83e\uddfcbefore eating\n\ud83e\uddfcafter toilet use\n\ud83e\uddfcwhen hands are visibly dirty\n\ud83e\uddfcafter handling animals or animal waste\n\n#coronarvirus https://t.co/CZmIL541MW", "lang": "en"}