{"text": "@WHO @WHOWPRO @WHOSEARO @WHO_Europe @pahowho @WHOEMRO @WHOAFRO \"5G weakens the immune system. Wuhan, China is the test site for a new 5G highway system with driverless cars. It's one of the largest 5G test sites with 10,000 5G Base stations. Many predicted a risk of viral or bacterial outbreaks in such high-density EMF\" #coronavirus #Stop5G", "entities": {"hashtags": [{"start": 322, "end": 334, "tag": "coronavirus"}, {"start": 335, "end": 342, "tag": "Stop5G"}], "mentions": [{"start": 0, "end": 4, "username": "WHO", "id": "14499829"}, {"start": 5, "end": 13, "username": "WHOWPRO", "id": "3794682452"}, {"start": 14, "end": 23, "username": "WHOSEARO", "id": "1545915336"}, {"start": 24, "end": 35, "username": "WHO_Europe", "id": "125403342"}, {"start": 36, "end": 44, "username": "pahowho", "id": "20629893"}, {"start": 45, "end": 53, "username": "WHOEMRO", "id": "259372802"}, {"start": 54, "end": 62, "username": "WHOAFRO", "id": "544389588"}], "annotations": [{"start": 101, "end": 105, "probability": 0.8712, "type": "Place", "normalized_text": "China"}]}, "lang": "en", "id": "1221841895028142081", "source": "Twitter Web App", "conversation_id": "1221800661039419398", "created_at": "2020-01-27T17:06:23.000Z", "author_id": "14881820", "in_reply_to_user_id": "14499829"}