{"author_id": "1213438034768588800", "lang": "en", "source": "Twitter Web App", "text": "@WHO @WHOWPRO @WHOSEARO @WHO_Europe @pahowho @WHOEMRO @WHOAFRO Happy to see that in china and the entire countries !", "entities": {"mentions": [{"start": 0, "end": 4, "username": "WHO", "id": "14499829"}, {"start": 5, "end": 13, "username": "WHOWPRO", "id": "3794682452"}, {"start": 14, "end": 23, "username": "WHOSEARO", "id": "1545915336"}, {"start": 24, "end": 35, "username": "WHO_Europe", "id": "125403342"}, {"start": 36, "end": 44, "username": "pahowho", "id": "20629893"}, {"start": 45, "end": 53, "username": "WHOEMRO", "id": "259372802"}, {"start": 54, "end": 62, "username": "WHOAFRO", "id": "544389588"}], "annotations": [{"start": 84, "end": 88, "probability": 0.9836, "type": "Place", "normalized_text": "china"}]}, "created_at": "2020-01-27T14:36:11.000Z", "id": "1221804095608184839", "in_reply_to_user_id": "14499829", "conversation_id": "1221800661039419398"}