{"text": "Have you heard of #Coronavirus?\n\n#Coronavirus are family of viruses that range from the common cold to #MERS Coronavirus which is Middle East Respiratory Syndrome Coronavirus &amp; #SARS, Severe Acute Respiratory Syndrome Conorovirus.\n#VirusNewAlert #HealthIsWealth #CleanHandsSaves https://t.co/khYuLR5kRH", "entities": {"hashtags": [{"start": 18, "end": 30, "tag": "Coronavirus"}, {"start": 33, "end": 45, "tag": "Coronavirus"}, {"start": 103, "end": 108, "tag": "MERS"}, {"start": 181, "end": 186, "tag": "SARS"}, {"start": 235, "end": 249, "tag": "VirusNewAlert"}, {"start": 250, "end": 265, "tag": "HealthIsWealth"}, {"start": 266, "end": 282, "tag": "CleanHandsSaves"}], "urls": [{"start": 283, "end": 306, "url": "https://t.co/khYuLR5kRH", "expanded_url": "https://twitter.com/Precious_Ajunwa/status/1221429919206592513", "display_url": "twitter.com/Precious_Ajunw\u2026"}]}, "lang": "en", "id": "1221494290678980608", "source": "Twitter for Android", "conversation_id": "1221494290678980608", "created_at": "2020-01-26T18:05:07.000Z", "author_id": "235771210"}