{"conversation_id": "1221770312116850689", "lang": "en", "id": "1221770845493911552", "text": "What are the symptoms of someone infected \n\nIt depends on the virus, but common signs include respiratory symptoms, fever, cough, shortness of breath, and breathing difficulties. In more severe cases, infection can cause pneumonia, severe acute respiratory syndrome", "source": "Twitter for Android", "author_id": "840300336464220162", "created_at": "2020-01-27T12:24:03.000Z", "in_reply_to_user_id": "840300336464220162"}