{"text": "@WHO @WHOWPRO @WHOSEARO @WHO_Europe @pahowho @WHOEMRO @WHOAFRO To red cross &amp; Sverige church Palestinians Refugees Demonstration  Tent in @swedense  didn't contain anyone infected by @CoronaVirusInfo.\nSo we missing  you as humanity &amp; neutral organisation Do not worry #coronavirus is inhumanity &amp; unjustified  Decisions made by @Migrationsverk", "entities": {"hashtags": [{"start": 276, "end": 288, "tag": "coronavirus"}], "mentions": [{"start": 0, "end": 4, "username": "WHO", "id": "14499829"}, {"start": 5, "end": 13, "username": "WHOWPRO", "id": "3794682452"}, {"start": 14, "end": 23, "username": "WHOSEARO", "id": "1545915336"}, {"start": 24, "end": 35, "username": "WHO_Europe", "id": "125403342"}, {"start": 36, "end": 44, "username": "pahowho", "id": "20629893"}, {"start": 45, "end": 53, "username": "WHOEMRO", "id": "259372802"}, {"start": 54, "end": 62, "username": "WHOAFRO", "id": "544389588"}, {"start": 142, "end": 151, "username": "swedense", "id": "20927633"}, {"start": 187, "end": 203, "username": "coronavirusinfo", "id": "1227281816903614465"}, {"start": 340, "end": 355, "username": "Migrationsverk", "id": "886514941"}], "annotations": [{"start": 78, "end": 133, "probability": 0.1998, "type": "Organization", "normalized_text": "Sverige church Palestinians Refugees Demonstration Tent"}]}, "lang": "en", "id": "1221814509293187073", "source": "Twitter Web App", "conversation_id": "1221800661039419398", "created_at": "2020-01-27T15:17:33.000Z", "author_id": "1209542414555385858", "in_reply_to_user_id": "14499829"}