{"text": "@WHO @WHOWPRO @WHOSEARO @WHO_Europe @pahowho @WHOEMRO @WHOAFRO Hello Mr. Tedros!\n\u00a0 He and the top WHO collaborators need to resign and apologize to the community immediately for their professional weakness!  The whole world is facing the disaster of the Disaster of CoronaVirut Wuhan, your organization has seemed useless before this disaster!", "lang": "en", "id": "1221838447268130817", "source": "Twitter for iPhone", "entities": {"mentions": [{"start": 0, "end": 4, "username": "WHO", "id": "14499829"}, {"start": 5, "end": 13, "username": "WHOWPRO", "id": "3794682452"}, {"start": 14, "end": 23, "username": "WHOSEARO", "id": "1545915336"}, {"start": 24, "end": 35, "username": "WHO_Europe", "id": "125403342"}, {"start": 36, "end": 44, "username": "pahowho", "id": "20629893"}, {"start": 45, "end": 53, "username": "WHOEMRO", "id": "259372802"}, {"start": 54, "end": 62, "username": "WHOAFRO", "id": "544389588"}], "annotations": [{"start": 69, "end": 78, "probability": 0.8521, "type": "Person", "normalized_text": "Mr. Tedros"}, {"start": 266, "end": 282, "probability": 0.6225, "type": "Place", "normalized_text": "CoronaVirut Wuhan"}]}, "conversation_id": "1221800661039419398", "created_at": "2020-01-27T16:52:41.000Z", "author_id": "911902804901371905", "in_reply_to_user_id": "14499829"}