{"author_id": "3069279631", "entities": {"urls": [{"start": 60, "end": 83, "url": "https://t.co/FWCiFyxLZ8", "expanded_url": "https://www.breitbart.com/politics/2020/01/27/physicians-doubt-cdc-who-readiness-for-possible-coronavirus-pandemic/", "display_url": "breitbart.com/politics/2020/\u2026"}], "mentions": [{"start": 0, "end": 4, "username": "WHO", "id": "14499829"}, {"start": 44, "end": 58, "username": "BreitbartNews", "id": "457984599"}]}, "lang": "en", "source": "Recite News", "text": "@who your Tweet was quoted in an article by @BreitbartNews  https://t.co/FWCiFyxLZ8", "created_at": "2020-01-28T03:17:55.000Z", "id": "1221995793403588608", "in_reply_to_user_id": "14499829", "conversation_id": "1221800661039419398"}