{"text": "What can I do to protect myself?\nStandard recommendations to reduce exposure to &amp; transmission include:\n1) Maintain basic hand &amp; respiratory hygiene\n2) Safe food practice\n3) Avoid close contact with anyone showing symptoms of respiratory illness such as coughing &amp; sneezing. https://t.co/iFyqZqtvnT", "lang": "en", "id": "1221530918600482823", "source": "Twitter for Android", "conversation_id": "1221494290678980608", "created_at": "2020-01-26T20:30:40.000Z", "entities": {"urls": [{"start": 287, "end": 310, "url": "https://t.co/iFyqZqtvnT", "expanded_url": "https://twitter.com/Precious_Ajunwa/status/1221530918600482823/photo/1", "display_url": "pic.twitter.com/iFyqZqtvnT"}]}, "author_id": "235771210", "in_reply_to_user_id": "235771210"}