{"text": "Protect others from getting sick:\n2\u20e3 Completely cover your mouth &amp; nose with a tissue or a sleeve or flexed elbow when coughing or sneezing \ud83e\udd27\n\n#CoronavirusOutbreak #Coronoavirus #VirusOutbreak #HealthIsWealth #CleanHandsSaveLives #WASH #CleanHandsAlways https://t.co/35s3airOsI", "entities": {"hashtags": [{"start": 147, "end": 167, "tag": "CoronavirusOutbreak"}, {"start": 168, "end": 181, "tag": "Coronoavirus"}, {"start": 182, "end": 196, "tag": "VirusOutbreak"}, {"start": 197, "end": 212, "tag": "HealthIsWealth"}, {"start": 213, "end": 233, "tag": "CleanHandsSaveLives"}, {"start": 234, "end": 239, "tag": "WASH"}, {"start": 240, "end": 257, "tag": "CleanHandsAlways"}], "urls": [{"start": 258, "end": 281, "url": "https://t.co/35s3airOsI", "expanded_url": "https://twitter.com/Precious_Ajunwa/status/1221545167813070849/photo/1", "display_url": "pic.twitter.com/35s3airOsI"}]}, "lang": "en", "id": "1221545167813070849", "source": "Twitter for Android", "conversation_id": "1221494290678980608", "created_at": "2020-01-26T21:27:17.000Z", "author_id": "235771210", "in_reply_to_user_id": "235771210"}