{"text": "\ud83e\uddfb Throw the used tissue into a closed bin immediately after use\n\ud83e\uddfc Clean hands with soap and water or alcohol-based handrub after coughing or sneezing \ud83e\udd27 and when caring for the sick.\n@WHONigeria\n#CoronaVirus #CoronavirusOutbreak\n#VirusAlert #VIRUS_CORONA\n#CleanHandsSaveLives https://t.co/3ZMEJPsyah", "entities": {"hashtags": [{"start": 194, "end": 206, "tag": "CoronaVirus"}, {"start": 207, "end": 227, "tag": "CoronavirusOutbreak"}, {"start": 228, "end": 239, "tag": "VirusAlert"}, {"start": 240, "end": 253, "tag": "VIRUS_CORONA"}, {"start": 254, "end": 274, "tag": "CleanHandsSaveLives"}], "mentions": [{"start": 182, "end": 193, "username": "WHONigeria", "id": "846724193345527808"}], "urls": [{"start": 275, "end": 298, "url": "https://t.co/3ZMEJPsyah", "expanded_url": "https://twitter.com/Precious_Ajunwa/status/1221545686363246592/photo/1", "display_url": "pic.twitter.com/3ZMEJPsyah"}]}, "lang": "en", "id": "1221545686363246592", "source": "Twitter for Android", "conversation_id": "1221494290678980608", "created_at": "2020-01-26T21:29:21.000Z", "author_id": "235771210", "in_reply_to_user_id": "235771210"}