{"text": "@conor17147 @WHO @WHOWPRO @WHOSEARO @WHO_Europe @pahowho @WHOEMRO @WHOAFRO Wearing masks?!", "lang": "en", "id": "1221808274414026755", "source": "Twitter for Android", "entities": {"mentions": [{"start": 12, "end": 16, "username": "WHO", "id": "14499829"}, {"start": 17, "end": 25, "username": "WHOWPRO", "id": "3794682452"}, {"start": 26, "end": 35, "username": "WHOSEARO", "id": "1545915336"}, {"start": 36, "end": 47, "username": "WHO_Europe", "id": "125403342"}, {"start": 48, "end": 56, "username": "pahowho", "id": "20629893"}, {"start": 57, "end": 65, "username": "WHOEMRO", "id": "259372802"}, {"start": 66, "end": 74, "username": "WHOAFRO", "id": "544389588"}]}, "conversation_id": "1221800661039419398", "created_at": "2020-01-27T14:52:47.000Z", "author_id": "1121276708596928514", "in_reply_to_user_id": "84966091"}