{"text": "How to #handwash?\nUse \ud83e\uddfc &amp; wash under a running water for at least 40-60 seconds\n\nHow to hand rub?\nUse alcohol-based hand rub \ud83e\uddf4 for 20-30 seconds\n#Coronavirus #CoronavirusOutbreak #VirusOutbreak #CleanHandsSaveLives https://t.co/Sch9DA7xxD", "entities": {"hashtags": [{"start": 7, "end": 16, "tag": "handwash"}, {"start": 149, "end": 161, "tag": "Coronavirus"}, {"start": 162, "end": 182, "tag": "CoronavirusOutbreak"}, {"start": 183, "end": 197, "tag": "VirusOutbreak"}, {"start": 198, "end": 218, "tag": "CleanHandsSaveLives"}], "urls": [{"start": 219, "end": 242, "url": "https://t.co/Sch9DA7xxD", "expanded_url": "https://twitter.com/Precious_Ajunwa/status/1221543761852948480/photo/1", "display_url": "pic.twitter.com/Sch9DA7xxD"}, {"start": 219, "end": 242, "url": "https://t.co/Sch9DA7xxD", "expanded_url": "https://twitter.com/Precious_Ajunwa/status/1221543761852948480/photo/1", "display_url": "pic.twitter.com/Sch9DA7xxD"}]}, "lang": "en", "id": "1221543761852948480", "source": "Twitter for Android", "conversation_id": "1221494290678980608", "created_at": "2020-01-26T21:21:42.000Z", "author_id": "235771210", "in_reply_to_user_id": "235771210"}