{"conversation_id": "1221770312116850689", "lang": "en", "id": "1221770320253599751", "text": "Can humans become infected with a novel coronavirus of animal source?\n\nDetailed investigations found that SARS-CoV was transmitted from civet cats to humans in China in 2002 and MERS-CoV from dromedary camels to humans in Saudi Arabia in 2012.", "entities": {"annotations": [{"start": 160, "end": 164, "probability": 0.9969, "type": "Place", "normalized_text": "China"}, {"start": 222, "end": 233, "probability": 0.9378, "type": "Place", "normalized_text": "Saudi Arabia"}]}, "source": "Twitter for Android", "author_id": "840300336464220162", "created_at": "2020-01-27T12:21:58.000Z", "in_reply_to_user_id": "840300336464220162"}