{"author_id": "1218585684266700800", "lang": "en", "source": "Twitter for Android", "text": "@WHO @WHOWPRO @WHOSEARO @WHO_Europe @pahowho @WHOEMRO @WHOAFRO I wish every household in sub-saharan Africa is privileged to know this fact.", "entities": {"mentions": [{"start": 0, "end": 4, "username": "WHO", "id": "14499829"}, {"start": 5, "end": 13, "username": "WHOWPRO", "id": "3794682452"}, {"start": 14, "end": 23, "username": "WHOSEARO", "id": "1545915336"}, {"start": 24, "end": 35, "username": "WHO_Europe", "id": "125403342"}, {"start": 36, "end": 44, "username": "pahowho", "id": "20629893"}, {"start": 45, "end": 53, "username": "WHOEMRO", "id": "259372802"}, {"start": 54, "end": 62, "username": "WHOAFRO", "id": "544389588"}], "annotations": [{"start": 89, "end": 106, "probability": 0.7167, "type": "Place", "normalized_text": "sub-saharan Africa"}]}, "created_at": "2020-01-27T20:15:01.000Z", "id": "1221889369457528833", "in_reply_to_user_id": "14499829", "conversation_id": "1221800661039419398"}