{"conversation_id": "1221770312116850689", "lang": "en", "id": "1221771547314020352", "text": "What can I do to protect myself?\n\nStandard recommendations to reduce exposure to and transmission of a range of illnesses include maintaining basic hand and respiratory hygiene, and safe food practices \u00a0and avoiding close contact, when possible, with anyone showing symptoms.", "source": "Twitter for Android", "author_id": "840300336464220162", "created_at": "2020-01-27T12:26:50.000Z", "in_reply_to_user_id": "840300336464220162"}