{"author_id": "4827453859", "lang": "en", "source": "Twitter for iPhone", "text": "@BaughmanGreg @WHO @WHOWPRO @WHOSEARO @WHO_Europe @pahowho @WHOEMRO @WHOAFRO You are right but for some people they dont know this.", "entities": {"mentions": [{"start": 14, "end": 18, "username": "WHO", "id": "14499829"}, {"start": 19, "end": 27, "username": "WHOWPRO", "id": "3794682452"}, {"start": 28, "end": 37, "username": "WHOSEARO", "id": "1545915336"}, {"start": 38, "end": 49, "username": "WHO_Europe", "id": "125403342"}, {"start": 50, "end": 58, "username": "pahowho", "id": "20629893"}, {"start": 59, "end": 67, "username": "WHOEMRO", "id": "259372802"}, {"start": 68, "end": 76, "username": "WHOAFRO", "id": "544389588"}]}, "created_at": "2020-01-27T14:46:03.000Z", "id": "1221806578610905088", "in_reply_to_user_id": "815986574", "conversation_id": "1221800661039419398"}