{"text": "Wash your \ud83d\udd90\ud83c\udffc with \ud83e\uddfc and running water when hands are visibly dirty.\n\nIf your \ud83d\udd90\ud83c\udffc are not visibly dirty, wash them with \ud83e\uddfc and water or use an alcohol-based hand cleanser.\n\n@WHONigeria @WHO\n#CoronaVirus #CoronaOutbreak #VirusAlert #CleanHandsSaveLives\n#WASH https://t.co/GSEOGKzwOb", "entities": {"hashtags": [{"start": 187, "end": 199, "tag": "CoronaVirus"}, {"start": 200, "end": 215, "tag": "CoronaOutbreak"}, {"start": 216, "end": 227, "tag": "VirusAlert"}, {"start": 228, "end": 248, "tag": "CleanHandsSaveLives"}, {"start": 249, "end": 254, "tag": "WASH"}], "mentions": [{"start": 170, "end": 181, "username": "WHONigeria", "id": "846724193345527808"}, {"start": 182, "end": 186, "username": "WHO", "id": "14499829"}], "urls": [{"start": 255, "end": 278, "url": "https://t.co/GSEOGKzwOb", "expanded_url": "https://twitter.com/Precious_Ajunwa/status/1221536739908620289/photo/1", "display_url": "pic.twitter.com/GSEOGKzwOb"}]}, "lang": "en", "id": "1221536739908620289", "source": "Twitter for Android", "conversation_id": "1221494290678980608", "created_at": "2020-01-26T20:53:48.000Z", "author_id": "235771210", "in_reply_to_user_id": "235771210"}