{"text": "@WHOPhilippines @WHO_Mongolia @takeshi_kasai @DOHgov @KKMPutrajaya @KoreaCDC @WHOKobe @AMRCRC_JAPAN @MHLWitter @jameschau @minhealthnz @MoHFW_INDIA @minhealthci @sporeMOH @loyingru @SonjaTanevska @DrRasul_WHO @WHO @healthgovau @fijiconsulate Practise food safety! \n\ud83d\udd3bSick animals and animals that have died of diseases should not be eaten.\n\n#coronavirus https://t.co/HXJ1YDYA0Z", "entities": {"hashtags": [{"start": 340, "end": 352, "tag": "coronavirus"}], "mentions": [{"start": 0, "end": 15, "username": "WHOPhilippines", "id": "2218026914"}, {"start": 30, "end": 44, "username": "takeshi_kasai", "id": "918829268372635648"}, {"start": 53, "end": 66, "username": "KKMPutrajaya", "id": "531041640"}, {"start": 77, "end": 85, "username": "WHOKobe", "id": "538804810"}, {"start": 86, "end": 99, "username": "AMRCRC_JAPAN", "id": "855223341581336576"}, {"start": 100, "end": 110, "username": "MHLWitter", "id": "180585090"}, {"start": 111, "end": 121, "username": "jameschau", "id": "20897050"}, {"start": 122, "end": 134, "username": "minhealthnz", "id": "46540286"}, {"start": 135, "end": 147, "username": "MoHFW_INDIA", "id": "2596143056"}, {"start": 148, "end": 160, "username": "minhealthci", "id": "898336321906671616"}, {"start": 161, "end": 170, "username": "sporeMOH", "id": "78772642"}, {"start": 171, "end": 180, "username": "loyingru", "id": "2776334448"}, {"start": 181, "end": 195, "username": "SonjaTanevska", "id": "280490935"}, {"start": 196, "end": 208, "username": "DrRasul_WHO", "id": "353244164"}, {"start": 209, "end": 213, "username": "WHO", "id": "14499829"}, {"start": 214, "end": 226, "username": "healthgovau", "id": "125215990"}], "urls": [{"start": 353, "end": 376, "url": "https://t.co/HXJ1YDYA0Z", "expanded_url": "https://twitter.com/WHOWPRO/status/1221728548848713729/photo/1", "display_url": "pic.twitter.com/HXJ1YDYA0Z"}]}, "lang": "en", "id": "1221728548848713729", "source": "Twitter Web App", "conversation_id": "1220148747797024768", "created_at": "2020-01-27T09:35:59.000Z", "author_id": "3794682452", "in_reply_to_user_id": "3794682452"}