{"text": "@ofltereshchenko @WHO @WHOWPRO @WHOSEARO @WHO_Europe @pahowho @WHOEMRO @WHOAFRO I dare them to reply this question. That was on point!", "lang": "en", "id": "1221805202564616193", "source": "Twitter for Android", "entities": {"mentions": [{"start": 0, "end": 16, "username": "ofltereshchenko", "id": "1320112956"}, {"start": 17, "end": 21, "username": "WHO", "id": "14499829"}, {"start": 22, "end": 30, "username": "WHOWPRO", "id": "3794682452"}, {"start": 31, "end": 40, "username": "WHOSEARO", "id": "1545915336"}, {"start": 41, "end": 52, "username": "WHO_Europe", "id": "125403342"}, {"start": 53, "end": 61, "username": "pahowho", "id": "20629893"}, {"start": 62, "end": 70, "username": "WHOEMRO", "id": "259372802"}, {"start": 71, "end": 79, "username": "WHOAFRO", "id": "544389588"}]}, "conversation_id": "1221800661039419398", "created_at": "2020-01-27T14:40:34.000Z", "author_id": "1163805696741089280", "in_reply_to_user_id": "1320112956"}