{"text": "Protect others from getting sick:\n3\u20e3 \n\ud83d\udd3aAvoid close contact when you are experiencing fever &amp; cold or flu-like symptoms \ud83e\udd27.\n\ud83d\udd3aAvoid spitting in public.\n\ud83d\udd3aSeek medical care \ud83d\udc69\ud83c\udffb\u200d\u2695\ufe0f\ud83d\udc68\ud83c\udffb\u200d\u2695\ufe0f if you have a fever \ud83e\udd12, cough &amp; difficulty breathing.\n#CoronaVirus #CoronavirusOutbreak #VirusOutbreak https://t.co/QtHmaBHceP", "entities": {"hashtags": [{"start": 240, "end": 252, "tag": "CoronaVirus"}, {"start": 253, "end": 273, "tag": "CoronavirusOutbreak"}, {"start": 274, "end": 288, "tag": "VirusOutbreak"}], "urls": [{"start": 289, "end": 312, "url": "https://t.co/QtHmaBHceP", "expanded_url": "https://twitter.com/Precious_Ajunwa/status/1221546201679568898/photo/1", "display_url": "pic.twitter.com/QtHmaBHceP"}]}, "lang": "en", "id": "1221546201679568898", "source": "Twitter for Android", "conversation_id": "1221494290678980608", "created_at": "2020-01-26T21:31:24.000Z", "author_id": "235771210", "in_reply_to_user_id": "235771210"}