{"entities": {"hashtags": [{"start": 29, "end": 38, "tag": "nCoV2019"}], "urls": [{"start": 165, "end": 188, "url": "https://t.co/t3Z1sjgR7e", "expanded_url": "https://www.ncbi.nlm.nih.gov/pmc/articles/PMC2863430/", "display_url": "ncbi.nlm.nih.gov/pmc/articles/P\u2026", "images": [{"url": "https://pbs.twimg.com/news_img/1486422355895148545/Rar2v-MJ?format=png&name=orig", "width": 144, "height": 144}, {"url": "https://pbs.twimg.com/news_img/1486422355895148545/Rar2v-MJ?format=png&name=150x150", "width": 144, "height": 144}], "status": 200, "title": "Effects of Air Temperature and Relative Humidity on Coronavirus Survival on Surfaces", "description": "Assessment of the risks posed by severe acute respiratory syndrome (SARS) coronavirus (SARS-CoV) on surfaces requires data on survival of this virus on environmental surfaces and on how survival is affected by environmental variables, such as air temperature ...", "unwound_url": "https://www.ncbi.nlm.nih.gov/pmc/articles/PMC2863430/"}], "mentions": [{"start": 0, "end": 14, "username": "WTEpaminondas", "id": "1849304827"}, {"start": 15, "end": 28, "username": "IsraelMatzav", "id": "18585712"}]}, "author_id": "38422859", "in_reply_to_user_id": "1849304827", "created_at": "2020-01-26T15:48:08.000Z", "id": "1221459816624939009", "text": "@WTEpaminondas @IsraelMatzav #nCoV2019 \nHow long does the virus survive on surfaces? \nAnswer:\nAt ambient ATs (around 20\u00b0C), coronaviruses can survive for 2 days ...\nhttps://t.co/t3Z1sjgR7e", "source": "Twitter Web App", "lang": "en", "conversation_id": "1221459816624939009"}