{"text": "@WHO @WHOWPRO @WHOSEARO @WHO_Europe @pahowho @WHOEMRO @WHOAFRO How about those patiences that had been recover, cant we study their mechanism of defence against those virus, their white blood. ..", "lang": "en", "id": "1221852774486298625", "source": "Twitter for Android", "entities": {"mentions": [{"start": 0, "end": 4, "username": "WHO", "id": "14499829"}, {"start": 5, "end": 13, "username": "WHOWPRO", "id": "3794682452"}, {"start": 14, "end": 23, "username": "WHOSEARO", "id": "1545915336"}, {"start": 24, "end": 35, "username": "WHO_Europe", "id": "125403342"}, {"start": 36, "end": 44, "username": "pahowho", "id": "20629893"}, {"start": 45, "end": 53, "username": "WHOEMRO", "id": "259372802"}, {"start": 54, "end": 62, "username": "WHOAFRO", "id": "544389588"}]}, "conversation_id": "1221800661039419398", "created_at": "2020-01-27T17:49:37.000Z", "author_id": "1195707751126536192", "in_reply_to_user_id": "14499829"}