{"id": "1221800661039419398", "entities": {"urls": [{"start": 265, "end": 288, "url": "https://t.co/F6qMz0ojoh", "expanded_url": "https://twitter.com/WHO/status/1221800661039419398/photo/1", "display_url": "pic.twitter.com/F6qMz0ojoh"}], "hashtags": [{"start": 64, "end": 76, "tag": "coronavirus"}]}, "author_id": "14499829", "created_at": "2020-01-27T14:22:32.000Z", "conversation_id": "1221800661039419398", "source": "Twitter Web App", "text": "Q: Are antibiotics effective in preventing and treating the new #coronavirus (2019-nCoV)?\nA: No, antibiotics do not work against viruses, only bacteria.\nThe 2019-nC0V is a virus and, therefore, antibiotics should  not be used as a means of prevention or treatment. https://t.co/F6qMz0ojoh", "lang": "en"}