{"text": "Protect yourself &amp; others from getting sick:\n1\u20e3 Wash your hands\n\ud83e\uddfc after coughing or sneezing\n\ud83e\uddfc when caring for the sick\n\ud83e\uddfc before,during&amp;after you prepare food\n\ud83e\uddfc before eating\n\ud83e\uddfc after toilet use\n\ud83e\uddfc when hands are visibly dirty\n\ud83e\uddfc after handling animals\n#CoronaOutbreak https://t.co/K92iurGsUn", "entities": {"hashtags": [{"start": 258, "end": 273, "tag": "CoronaOutbreak"}], "urls": [{"start": 274, "end": 297, "url": "https://t.co/K92iurGsUn", "expanded_url": "https://twitter.com/Precious_Ajunwa/status/1221535453784027144/photo/1", "display_url": "pic.twitter.com/K92iurGsUn"}]}, "lang": "en", "id": "1221535453784027144", "source": "Twitter for Android", "conversation_id": "1221494290678980608", "created_at": "2020-01-26T20:48:41.000Z", "author_id": "235771210", "in_reply_to_user_id": "235771210"}