{"source": "Twitter Web App", "in_reply_to_user_id": "14499829", "entities": {"urls": [{"start": 121, "end": 144, "url": "https://t.co/1JuCwPTvoY", "expanded_url": "http://bit.ly/38wcV4w", "display_url": "bit.ly/38wcV4w"}, {"start": 159, "end": 182, "url": "https://t.co/GWp349ew6A", "expanded_url": "https://twitter.com/WHO/status/1222921090575544322/photo/1", "display_url": "pic.twitter.com/GWp349ew6A"}], "mentions": [{"start": 0, "end": 9, "username": "DrTedros", "id": "189868631"}, {"start": 10, "end": 18, "username": "WHOWPRO", "id": "3794682452"}, {"start": 19, "end": 28, "username": "WHOSEARO", "id": "1545915336"}, {"start": 29, "end": 40, "username": "WHO_Europe", "id": "125403342"}, {"start": 41, "end": 49, "username": "pahowho", "id": "20629893"}, {"start": 50, "end": 58, "username": "WHOEMRO", "id": "259372802"}, {"start": 59, "end": 67, "username": "WHOAFRO", "id": "544389588"}], "hashtags": [{"start": 146, "end": 158, "tag": "coronavirus"}], "annotations": [{"start": 84, "end": 115, "probability": 0.4628, "type": "Organization", "normalized_text": "International Health Regulations"}]}, "conversation_id": "1222865860483829760", "created_at": "2020-01-30T16:34:43.000Z", "id": "1222921090575544322", "author_id": "14499829", "lang": "en", "text": "@DrTedros @WHOWPRO @WHOSEARO @WHO_Europe @pahowho @WHOEMRO @WHOAFRO Q: What are the International Health Regulations?\nA: https://t.co/1JuCwPTvoY\n\n#coronavirus https://t.co/GWp349ew6A"}