{"text": "@WHO @WHOThailand @WHOKobe @WHOSEARO @WHOWPRO What is the WHO doing to curb the spread of the virus", "lang": "en", "id": "1222538494943383552", "source": "Twitter Web App", "entities": {"mentions": [{"start": 0, "end": 4, "username": "WHO", "id": "14499829"}, {"start": 5, "end": 17, "username": "WHOThailand", "id": "479264032"}, {"start": 18, "end": 26, "username": "WHOKobe", "id": "538804810"}, {"start": 27, "end": 36, "username": "WHOSEARO", "id": "1545915336"}, {"start": 37, "end": 45, "username": "WHOWPRO", "id": "3794682452"}]}, "conversation_id": "1218229883484155913", "created_at": "2020-01-29T15:14:25.000Z", "author_id": "1364215218", "in_reply_to_user_id": "14499829"}