{"source": "Twitter Web App", "conversation_id": "1222865860483829760", "created_at": "2020-01-30T17:05:03.000Z", "id": "1222928724112396288", "entities": {"mentions": [{"start": 0, "end": 9, "username": "DrTedros", "id": "189868631"}, {"start": 10, "end": 18, "username": "WHOWPRO", "id": "3794682452"}, {"start": 19, "end": 28, "username": "WHOSEARO", "id": "1545915336"}, {"start": 29, "end": 40, "username": "WHO_Europe", "id": "125403342"}, {"start": 41, "end": 49, "username": "pahowho", "id": "20629893"}, {"start": 50, "end": 58, "username": "WHOEMRO", "id": "259372802"}, {"start": 59, "end": 67, "username": "WHOAFRO", "id": "544389588"}], "hashtags": [{"start": 186, "end": 198, "tag": "coronavirus"}], "annotations": [{"start": 97, "end": 148, "probability": 0.8065, "type": "Organization", "normalized_text": "International Health Regulations Emergency Committee"}], "urls": [{"start": 161, "end": 184, "url": "https://t.co/1JuCwPTvoY", "expanded_url": "http://bit.ly/38wcV4w", "display_url": "bit.ly/38wcV4w"}, {"start": 199, "end": 222, "url": "https://t.co/ROKXOXCBNm", "expanded_url": "https://twitter.com/WHO/status/1222928724112396288/photo/1", "display_url": "pic.twitter.com/ROKXOXCBNm"}]}, "author_id": "14499829", "in_reply_to_user_id": "14499829", "lang": "en", "text": "@DrTedros @WHOWPRO @WHOSEARO @WHO_Europe @pahowho @WHOEMRO @WHOAFRO Q: How are the members of an International Health Regulations Emergency Committee chosen?\nA: https://t.co/1JuCwPTvoY\n\n#coronavirus https://t.co/ROKXOXCBNm"}