{"source": "Twitter Web App", "in_reply_to_user_id": "14499829", "entities": {"urls": [{"start": 146, "end": 169, "url": "https://t.co/1JuCwPTvoY", "expanded_url": "http://bit.ly/38wcV4w", "display_url": "bit.ly/38wcV4w"}, {"start": 184, "end": 207, "url": "https://t.co/tC1d2fMQGC", "expanded_url": "https://twitter.com/WHO/status/1222921878207107072/photo/1", "display_url": "pic.twitter.com/tC1d2fMQGC"}], "mentions": [{"start": 0, "end": 9, "username": "DrTedros", "id": "189868631"}, {"start": 10, "end": 18, "username": "WHOWPRO", "id": "3794682452"}, {"start": 19, "end": 28, "username": "WHOSEARO", "id": "1545915336"}, {"start": 29, "end": 40, "username": "WHO_Europe", "id": "125403342"}, {"start": 41, "end": 49, "username": "pahowho", "id": "20629893"}, {"start": 50, "end": 58, "username": "WHOEMRO", "id": "259372802"}, {"start": 59, "end": 67, "username": "WHOAFRO", "id": "544389588"}], "hashtags": [{"start": 171, "end": 183, "tag": "coronavirus"}], "annotations": [{"start": 84, "end": 135, "probability": 0.5936, "type": "Organization", "normalized_text": "International Health Regulations Emergency Committee"}]}, "conversation_id": "1222865860483829760", "created_at": "2020-01-30T16:37:51.000Z", "id": "1222921878207107072", "author_id": "14499829", "lang": "en", "text": "@DrTedros @WHOWPRO @WHOSEARO @WHO_Europe @pahowho @WHOEMRO @WHOAFRO Q: How does the International Health Regulations Emergency Committee work?\nA: https://t.co/1JuCwPTvoY\n\n#coronavirus https://t.co/tC1d2fMQGC"}