{"entities": {"urls": [{"start": 280, "end": 303, "url": "https://t.co/uSyMDWU0i1", "expanded_url": "https://twitter.com/Volunteers4U/status/1222700579786375173/photo/1", "display_url": "pic.twitter.com/uSyMDWU0i1"}], "hashtags": [{"start": 30, "end": 42, "tag": "antibiotics"}, {"start": 88, "end": 100, "tag": "coronavirus"}, {"start": 155, "end": 164, "tag": "bacteria"}, {"start": 253, "end": 264, "tag": "prevention"}, {"start": 268, "end": 278, "tag": "treatment"}]}, "source": "Twitter for iPhone", "created_at": "2020-01-30T01:58:29.000Z", "author_id": "1643887826", "conversation_id": "1222700579786375173", "id": "1222700579786375173", "text": "Q&amp;A with the WHO. \nQ: Are #antibiotics effective in preventing and treating the new #coronavirus?\nA: No, antibiotics do not work against viruses, only #bacteria.\nThe 2019-nC0V is a virus and, therefore, antibiotics should  not be used as a means of #prevention or #treatment. https://t.co/uSyMDWU0i1", "lang": "en"}