{"source": "Twitter Web App", "in_reply_to_user_id": "14499829", "entities": {"urls": [{"start": 154, "end": 177, "url": "https://t.co/1JuCwPTvoY", "expanded_url": "http://bit.ly/38wcV4w", "display_url": "bit.ly/38wcV4w"}, {"start": 192, "end": 215, "url": "https://t.co/iN1kpf4dG6", "expanded_url": "https://twitter.com/WHO/status/1222922288691142659/photo/1", "display_url": "pic.twitter.com/iN1kpf4dG6"}], "mentions": [{"start": 0, "end": 9, "username": "DrTedros", "id": "189868631"}, {"start": 10, "end": 18, "username": "WHOWPRO", "id": "3794682452"}, {"start": 19, "end": 28, "username": "WHOSEARO", "id": "1545915336"}, {"start": 29, "end": 40, "username": "WHO_Europe", "id": "125403342"}, {"start": 41, "end": 49, "username": "pahowho", "id": "20629893"}, {"start": 50, "end": 58, "username": "WHOEMRO", "id": "259372802"}, {"start": 59, "end": 67, "username": "WHOAFRO", "id": "544389588"}], "hashtags": [{"start": 179, "end": 191, "tag": "coronavirus"}], "annotations": [{"start": 97, "end": 148, "probability": 0.7686, "type": "Organization", "normalized_text": "International Health Regulations Emergency Committee"}]}, "conversation_id": "1222865860483829760", "created_at": "2020-01-30T16:39:29.000Z", "id": "1222922288691142659", "author_id": "14499829", "lang": "en", "text": "@DrTedros @WHOWPRO @WHOSEARO @WHO_Europe @pahowho @WHOEMRO @WHOAFRO Q: Who are the members of an International Health Regulations Emergency Committee?\nA: https://t.co/1JuCwPTvoY\n\n#coronavirus https://t.co/iN1kpf4dG6"}