{"lang": "en", "entities": {"urls": [{"start": 265, "end": 288, "url": "https://t.co/A1e6af3G1B", "expanded_url": "https://twitter.com/WHOPhilippines/status/1222509199264862208/photo/1", "display_url": "pic.twitter.com/A1e6af3G1B"}], "hashtags": [{"start": 38, "end": 50, "tag": "coronavirus"}]}, "source": "Twitter Web App", "author_id": "2218026914", "in_reply_to_user_id": "2218026914", "conversation_id": "1222505592595480576", "text": "Q: Can pets \ud83d\udc36\ud83d\udc31 at home spread the new #coronavirus?\nA: At present, there is no evidence that companion animals/pets such as dogs, cats can be infected with the virus. However, it is always a good idea to wash your hands with soap and water after contact with pets. https://t.co/A1e6af3G1B", "created_at": "2020-01-29T13:18:00.000Z", "id": "1222509199264862208"}