{"entities": {"hashtags": [{"start": 0, "end": 17, "tag": "coronavirusindia"}], "annotations": [{"start": 63, "end": 67, "probability": 0.9044, "type": "Place", "normalized_text": "India"}]}, "source": "Twitter Web App", "author_id": "12104642", "created_at": "2020-01-30T14:39:48.000Z", "text": "#coronavirusindia \nIts important to be alert but not scared. \n\nIndia has 13966000 episodes of seasonal influenza linked lower respiratory tract infections &amp; about 26000 deaths A YEAR. \n\nThe new virus is less deadly than say H1N1 &amp; harms mostly the very young, v old, &amp; v weak.", "id": "1222892171432316928", "conversation_id": "1222892171432316928", "lang": "en"}