{"source": "Twitter Web App", "conversation_id": "1222865860483829760", "created_at": "2020-01-30T16:41:19.000Z", "id": "1222922750546923521", "entities": {"mentions": [{"start": 0, "end": 9, "username": "DrTedros", "id": "189868631"}, {"start": 10, "end": 18, "username": "WHOWPRO", "id": "3794682452"}, {"start": 19, "end": 28, "username": "WHOSEARO", "id": "1545915336"}, {"start": 29, "end": 40, "username": "WHO_Europe", "id": "125403342"}, {"start": 41, "end": 49, "username": "pahowho", "id": "20629893"}, {"start": 50, "end": 58, "username": "WHOEMRO", "id": "259372802"}, {"start": 59, "end": 67, "username": "WHOAFRO", "id": "544389588"}], "hashtags": [{"start": 175, "end": 187, "tag": "coronavirus"}], "annotations": [{"start": 111, "end": 162, "probability": 0.8375, "type": "Organization", "normalized_text": "International Health Regulations Emergency Committee"}], "urls": [{"start": 204, "end": 227, "url": "https://t.co/PpFK8gSt25", "expanded_url": "http://bit.ly/2RGMfHz", "display_url": "bit.ly/2RGMfHz"}, {"start": 228, "end": 251, "url": "https://t.co/01GcGhbOP2", "expanded_url": "https://twitter.com/WHO/status/1222922750546923521/photo/1", "display_url": "pic.twitter.com/01GcGhbOP2"}]}, "author_id": "14499829", "in_reply_to_user_id": "14499829", "lang": "en", "text": "@DrTedros @WHOWPRO @WHOSEARO @WHO_Europe @pahowho @WHOEMRO @WHOAFRO Q: Who are the members and advisers of the International Health Regulations Emergency Committee on the new #coronavirus (2019-nCoV)?\nA: https://t.co/PpFK8gSt25 https://t.co/01GcGhbOP2"}