{"lang": "en", "entities": {"urls": [{"start": 250, "end": 273, "url": "https://t.co/dJT3hy9PWN", "expanded_url": "https://twitter.com/WHOPhilippines/status/1222511369758498819/photo/1", "display_url": "pic.twitter.com/dJT3hy9PWN"}], "hashtags": [{"start": 64, "end": 76, "tag": "coronavirus"}]}, "source": "Twitter Web App", "author_id": "2218026914", "in_reply_to_user_id": "2218026914", "conversation_id": "1222505592595480576", "text": "Q: Are there any specific medicines to prevent or treat the new #coronavirus?\nA: To date, there is no specific medicine recommended to prevent or treat the virus. However, those infected should receive appropriate care to relieve and treat symptoms. https://t.co/dJT3hy9PWN", "created_at": "2020-01-29T13:26:38.000Z", "id": "1222511369758498819"}