{"created_at": "2020-01-31T06:20:08.000Z", "text": "Chinese tech companies have donated nearly 3 billion yuan ($432.5 million) to help fight the outbreak of novel #coronavirus-related pneumonia in Central China's Hubei province.\nhttps://t.co/IeYCCUEzJT", "id": "1223128812591992833", "entities": {"urls": [{"start": 177, "end": 200, "url": "https://t.co/IeYCCUEzJT", "expanded_url": "http://www.chinadaily.com.cn/a/202001/31/WS5e3367caa310128217273c6c.html", "display_url": "chinadaily.com.cn/a/202001/31/WS\u2026", "status": 200, "unwound_url": "http://www.chinadaily.com.cn/a/202001/31/WS5e3367caa310128217273c6c.html"}], "hashtags": [{"start": 111, "end": 123, "tag": "coronavirus"}], "annotations": [{"start": 145, "end": 157, "probability": 0.9197, "type": "Place", "normalized_text": "Central China"}]}, "in_reply_to_user_id": "326631858", "lang": "en", "source": "Twitter for iPhone", "conversation_id": "1222219972086239232", "author_id": "326631858"}