{"id": "1223883116588294145", "text": "China\u2019s central bank will inject CNY1.2 trillion (USD170 billion) in tomorrow\u2019s open market operation. The move aims to provide sufficient liquidity for the financial system during the period of controlling the novel #coronavirus epidemic. @yicaichina", "author_id": "326631858", "conversation_id": "1222219972086239232", "lang": "en", "entities": {"annotations": [{"start": 0, "end": 4, "probability": 0.9038, "type": "Place", "normalized_text": "China"}], "mentions": [{"start": 240, "end": 251, "username": "yicaichina", "id": "714684004495204352"}], "hashtags": [{"start": 217, "end": 229, "tag": "coronavirus"}]}, "source": "Twitter for iPhone", "in_reply_to_user_id": "326631858", "created_at": "2020-02-02T08:17:28.000Z"}