{"id": "1223468125351370753", "in_reply_to_user_id": "164997168", "author_id": "164997168", "created_at": "2020-02-01T04:48:26.000Z", "conversation_id": "1223467271898615809", "source": "Twitter for Android", "text": "4. Q\u2014Can Humans become infected with a novel coronavirus of animal source?\n\nA\u2014Yes, such instances have happened in past in 2002 in China &amp; 2012 in Saudi Arabia. But with different virus", "lang": "en", "entities": {"annotations": [{"start": 131, "end": 135, "probability": 0.9978, "type": "Place", "normalized_text": "China"}, {"start": 147, "end": 158, "probability": 0.8571, "type": "Place", "normalized_text": "Saudi Arabia"}]}}