{"text": "Q: Does the new #coronavirus (2019-nC0V) affect older people, or are younger people also susceptible?\n\nA: People of all ages can be infected by the virus. Older people &amp; those with pre-existing medical conditions appear to be more vulnerable to becoming severely ill. https://t.co/lyFyUnBXUb", "entities": {"hashtags": [{"start": 16, "end": 28, "tag": "coronavirus"}], "urls": [{"start": 272, "end": 295, "url": "https://t.co/lyFyUnBXUb", "expanded_url": "https://twitter.com/CaribCardiac/status/1223585697778556928/photo/1", "display_url": "pic.twitter.com/lyFyUnBXUb"}]}, "lang": "en", "id": "1223585697778556928", "source": "Twitter for iPhone", "conversation_id": "1223585691445223430", "created_at": "2020-02-01T12:35:38.000Z", "author_id": "327667034", "in_reply_to_user_id": "327667034"}