{"id": "1223468634342711296", "in_reply_to_user_id": "164997168", "author_id": "164997168", "created_at": "2020-02-01T04:50:28.000Z", "conversation_id": "1223467271898615809", "source": "Twitter for Android", "text": "5.  symptoms of someone infected\n\nA-Common signs of infection include respiratory symptoms, fever, cough, shortness of breath and breathing difficulties. In more severe cases, infection can cause pneumonia, severe acute respiratory syndrome, kidney failure and even death.", "lang": "en"}