{"entities": {"urls": [{"start": 181, "end": 204, "url": "https://t.co/rdxBmObNol", "expanded_url": "https://twitter.com/OzgurTufekci/status/1223889112375099392/photo/1", "display_url": "pic.twitter.com/rdxBmObNol"}], "mentions": [{"start": 171, "end": 180, "username": "business", "id": "34713362"}], "hashtags": [{"start": 158, "end": 170, "tag": "coronavirus"}], "annotations": [{"start": 0, "end": 4, "probability": 0.9696, "type": "Place", "normalized_text": "China"}]}, "conversation_id": "1222219972086239232", "created_at": "2020-02-02T08:41:17.000Z", "lang": "en", "source": "Twitter for iPhone", "id": "1223889112375099392", "text": "China\u2019s economy may grow just 4.5% this quarter, down from 6% in the prior three months, if the coronavirus inflicts a severe yet temporary impact on output. #coronavirus @business https://t.co/rdxBmObNol", "author_id": "326631858", "in_reply_to_user_id": "326631858"}