{"entities": {"urls": [{"start": 278, "end": 301, "url": "https://t.co/9sDqUAkEJk", "expanded_url": "https://twitter.com/OzgurTufekci/status/1223590033883631618/photo/1", "display_url": "pic.twitter.com/9sDqUAkEJk"}], "mentions": [{"start": 273, "end": 277, "username": "WHO", "id": "14499829"}], "hashtags": [{"start": 35, "end": 47, "tag": "coronavirus"}]}, "conversation_id": "1222219972086239232", "created_at": "2020-02-01T12:52:51.000Z", "lang": "en", "source": "Twitter for iPhone", "id": "1223590033883631618", "text": "Q: Can pets at home spread the new #coronavirus (2019-nCoV)?\nA: At present, there is no evidence that companion animals/pets such as dogs, cats can be infected with the virus.\nHowever, it is always a good idea to wash your hands with soap and water after contact with pets @WHO https://t.co/9sDqUAkEJk", "author_id": "326631858", "in_reply_to_user_id": "326631858"}