{"text": "@WHO @WHOWPRO @WHOSEARO @WHO_Europe @pahowho @WHOEMRO @WHOAFRO #coronavirus \nAs at 11:42 pm 31st JAN 2020\nChina ,\n 9823 cases\n15238 suspected\n213 deaths\n232 recovered\nOther countries,\nThailand 19 cases\nJapan 17 cases\nSingapore 16 cases\nKorea 11cases https://t.co/fDVRLBPnch", "entities": {"hashtags": [{"start": 63, "end": 75, "tag": "coronavirus"}], "mentions": [{"start": 0, "end": 4, "username": "WHO", "id": "14499829"}, {"start": 5, "end": 13, "username": "WHOWPRO", "id": "3794682452"}, {"start": 14, "end": 23, "username": "WHOSEARO", "id": "1545915336"}, {"start": 24, "end": 35, "username": "WHO_Europe", "id": "125403342"}, {"start": 36, "end": 44, "username": "pahowho", "id": "20629893"}, {"start": 45, "end": 53, "username": "WHOEMRO", "id": "259372802"}, {"start": 54, "end": 62, "username": "WHOAFRO", "id": "544389588"}], "annotations": [{"start": 236, "end": 240, "probability": 0.5219, "type": "Place", "normalized_text": "Korea"}], "urls": [{"start": 250, "end": 273, "url": "https://t.co/fDVRLBPnch", "expanded_url": "https://twitter.com/Zoey92112004/status/1223279096207151104/photo/1", "display_url": "pic.twitter.com/fDVRLBPnch"}]}, "lang": "en", "id": "1223279096207151104", "source": "Twitter for Android", "conversation_id": "1221800661039419398", "created_at": "2020-01-31T16:17:18.000Z", "author_id": "1159493488364228608", "in_reply_to_user_id": "14499829"}