{"text": "Q: Are antibiotics effective in preventing and treating the new #coronavirus (2019-nCoV)?\n\nA: No, antibiotics do not work against viruses, only bacteria.\nThe 2019-nC0V is a virus and, therefore, antibiotics should  not be used as a means of prevention or treatment.\n\nSource: @WHO https://t.co/3Y0qUSUmRw", "entities": {"hashtags": [{"start": 64, "end": 76, "tag": "coronavirus"}], "mentions": [{"start": 275, "end": 279, "username": "WHO", "id": "14499829"}], "urls": [{"start": 280, "end": 303, "url": "https://t.co/3Y0qUSUmRw", "expanded_url": "https://twitter.com/CaribCardiac/status/1223585691445223430/photo/1", "display_url": "pic.twitter.com/3Y0qUSUmRw"}]}, "lang": "en", "id": "1223585691445223430", "source": "Twitter for iPhone", "conversation_id": "1223585691445223430", "created_at": "2020-02-01T12:35:36.000Z", "author_id": "327667034"}