{"id": "1223590209486573568", "text": "Q: Are there any specific medicines to prevent or treat the new #coronavirus (2019-nCoV)?\nA: To date, there is no specific medicine recommended to prevent or treat the virus.\nWHO is helping to accelerate research and development efforts with a range of partners. @WHO https://t.co/5G7sdyWzT3", "author_id": "326631858", "conversation_id": "1222219972086239232", "lang": "en", "entities": {"mentions": [{"start": 263, "end": 267, "username": "WHO", "id": "14499829"}], "urls": [{"start": 268, "end": 291, "url": "https://t.co/5G7sdyWzT3", "expanded_url": "https://twitter.com/OzgurTufekci/status/1223590209486573568/photo/1", "display_url": "pic.twitter.com/5G7sdyWzT3"}], "hashtags": [{"start": 64, "end": 76, "tag": "coronavirus"}]}, "source": "Twitter for iPhone", "in_reply_to_user_id": "326631858", "created_at": "2020-02-01T12:53:33.000Z"}