{"text": "Q: Are there any specific medicines to prevent or treat the new #coronavirus (2019-nCoV)?\n\nA: To date, there is no specific medicine recommended to prevent or treat the virus.\n\n@WHO is helping to accelerate research and development efforts with a range of partners. https://t.co/fLC55nbqFP", "entities": {"hashtags": [{"start": 64, "end": 76, "tag": "coronavirus"}], "mentions": [{"start": 177, "end": 181, "username": "WHO", "id": "14499829"}], "urls": [{"start": 266, "end": 289, "url": "https://t.co/fLC55nbqFP", "expanded_url": "https://twitter.com/CaribCardiac/status/1223585704090963974/photo/1", "display_url": "pic.twitter.com/fLC55nbqFP"}]}, "lang": "en", "id": "1223585704090963974", "source": "Twitter for iPhone", "conversation_id": "1223585691445223430", "created_at": "2020-02-01T12:35:39.000Z", "author_id": "327667034", "in_reply_to_user_id": "327667034"}