{"id": "1223589653678370816", "text": "Q: Are antibiotics effective in preventing and treating the new #coronavirus (2019-nCoV)?\nA: No, antibiotics do not work against viruses, only bacteria.\nThe 2019-nC0V is a virus and, therefore, antibiotics should  not be used as a means of prevention or treatment. @WHO https://t.co/2cJBBxKaaZ", "author_id": "326631858", "conversation_id": "1222219972086239232", "lang": "en", "entities": {"mentions": [{"start": 265, "end": 269, "username": "WHO", "id": "14499829"}], "urls": [{"start": 270, "end": 293, "url": "https://t.co/2cJBBxKaaZ", "expanded_url": "https://twitter.com/OzgurTufekci/status/1223589653678370816/photo/1", "display_url": "pic.twitter.com/2cJBBxKaaZ"}], "hashtags": [{"start": 64, "end": 76, "tag": "coronavirus"}]}, "source": "Twitter for iPhone", "in_reply_to_user_id": "326631858", "created_at": "2020-02-01T12:51:21.000Z"}