{"conversation_id": "1222219972086239232", "created_at": "2020-02-02T08:44:23.000Z", "lang": "en", "entities": {"mentions": [{"start": 259, "end": 272, "username": "GoldmanSachs", "id": "253167239"}], "hashtags": [{"start": 246, "end": 258, "tag": "coronavirus"}], "annotations": [{"start": 0, "end": 1, "probability": 0.4883, "type": "Place", "normalized_text": "US"}, {"start": 100, "end": 101, "probability": 0.7896, "type": "Place", "normalized_text": "US"}, {"start": 190, "end": 194, "probability": 0.9978, "type": "Place", "normalized_text": "China"}, {"start": 236, "end": 237, "probability": 0.883, "type": "Place", "normalized_text": "US"}]}, "source": "Twitter for iPhone", "id": "1223889891009929216", "text": "US GDP growth is set to take a hit this year. It is anticipated that a 0.4 percentage point drag on US annualised growth during the current quarter, on the back of a halving of tourism from China and a knock to the country\u2019s imports of US goods. #coronavirus @GoldmanSachs", "author_id": "326631858", "in_reply_to_user_id": "326631858"}