{"id": "1223469700107010049", "in_reply_to_user_id": "164997168", "author_id": "164997168", "created_at": "2020-02-01T04:54:42.000Z", "conversation_id": "1223467271898615809", "source": "Twitter for Android", "text": "9.What are the treatment for infection?\n\nThere is no specific treatment for disease caused by a novel coronavirus. However, many of the symptoms can be treated and based on the patient\u2019s clinical condition. Moreover, supportive care for infected persons can be highly effective.", "lang": "en"}