{"text": "@WHO @WHOWPRO @WHOSEARO @WHO_Europe @pahowho @WHOEMRO @WHOAFRO How did Beijing manipulated WHO: https://t.co/KzGQrUUOGk", "lang": "en", "id": "1223882833304809473", "source": "Twitter for iPhone", "entities": {"mentions": [{"start": 0, "end": 4, "username": "WHO", "id": "14499829"}, {"start": 5, "end": 13, "username": "WHOWPRO", "id": "3794682452"}, {"start": 14, "end": 23, "username": "WHOSEARO", "id": "1545915336"}, {"start": 24, "end": 35, "username": "WHO_Europe", "id": "125403342"}, {"start": 36, "end": 44, "username": "pahowho", "id": "20629893"}, {"start": 45, "end": 53, "username": "WHOEMRO", "id": "259372802"}, {"start": 54, "end": 62, "username": "WHOAFRO", "id": "544389588"}], "annotations": [{"start": 71, "end": 77, "probability": 0.944, "type": "Place", "normalized_text": "Beijing"}], "urls": [{"start": 96, "end": 119, "url": "https://t.co/KzGQrUUOGk", "expanded_url": "https://bit.ly/31o4upt", "display_url": "bit.ly/31o4upt"}]}, "conversation_id": "1221800661039419398", "created_at": "2020-02-02T08:16:20.000Z", "author_id": "308461741", "in_reply_to_user_id": "14499829"}