{"text": "Q: Is it safe to receive a letter or a package from China?\n\nA: Yes, it is safe. People receiving packages from China are not at risk of contracting #2019nCoV.\n\nCoronaviruses do not survive long on objects, such as letters or packages.\n\n#KnowTheFacts https://t.co/JvPoR3Wamf", "entities": {"hashtags": [{"start": 148, "end": 157, "tag": "2019nCoV"}, {"start": 236, "end": 249, "tag": "KnowTheFacts"}], "annotations": [{"start": 52, "end": 56, "probability": 0.9235, "type": "Place", "normalized_text": "China"}, {"start": 111, "end": 115, "probability": 0.9807, "type": "Place", "normalized_text": "China"}], "urls": [{"start": 250, "end": 273, "url": "https://t.co/JvPoR3Wamf", "expanded_url": "https://twitter.com/CaribCardiac/status/1223585709296103425/photo/1", "display_url": "pic.twitter.com/JvPoR3Wamf"}]}, "lang": "en", "id": "1223585709296103425", "source": "Twitter for iPhone", "conversation_id": "1223585691445223430", "created_at": "2020-02-01T12:35:40.000Z", "author_id": "327667034", "in_reply_to_user_id": "327667034"}