{"text": "@lancefaltinsky @ChikaFa92372049 @WHO @WHOWPRO @WHOSEARO @WHO_Europe @pahowho @WHOEMRO @WHOAFRO would be nice if someone figured out the full list of the contagious bodily fluids though, shouldn't be that hard, just test fluids from patients in Australia or UK, and also about that duration of virus survival on surfaces: https://t.co/TAqbMjNdhq", "lang": "en", "id": "1223597910073454592", "source": "Twitter Web App", "entities": {"mentions": [{"start": 0, "end": 15, "username": "lancefaltinsky", "id": "3476485701"}, {"start": 33, "end": 37, "username": "WHO", "id": "14499829"}, {"start": 38, "end": 46, "username": "WHOWPRO", "id": "3794682452"}, {"start": 47, "end": 56, "username": "WHOSEARO", "id": "1545915336"}, {"start": 57, "end": 68, "username": "WHO_Europe", "id": "125403342"}, {"start": 69, "end": 77, "username": "pahowho", "id": "20629893"}, {"start": 78, "end": 86, "username": "WHOEMRO", "id": "259372802"}, {"start": 87, "end": 95, "username": "WHOAFRO", "id": "544389588"}], "annotations": [{"start": 245, "end": 253, "probability": 0.9952, "type": "Place", "normalized_text": "Australia"}, {"start": 258, "end": 259, "probability": 0.9834, "type": "Place", "normalized_text": "UK"}], "urls": [{"start": 322, "end": 345, "url": "https://t.co/TAqbMjNdhq", "expanded_url": "https://www.nhs.uk/common-health-questions/infections/how-long-do-bacteria-and-viruses-live-outside-the-body/", "display_url": "nhs.uk/common-health-\u2026"}]}, "conversation_id": "1221800661039419398", "created_at": "2020-02-01T13:24:09.000Z", "author_id": "1198167108925964288", "in_reply_to_user_id": "3476485701"}