{"entities": {"hashtags": [{"start": 109, "end": 121, "tag": "coronavirus"}, {"start": 122, "end": 131, "tag": "2019nCoV"}, {"start": 132, "end": 145, "tag": "KnowTheFacts"}], "urls": [{"start": 85, "end": 108, "url": "https://t.co/GB7BQoAXaA", "expanded_url": "https://threader.app/thread/1221800661039419398", "display_url": "threader.app/thread/1221800\u2026"}], "mentions": [{"start": 0, "end": 12, "username": "threadascii", "id": "1032870836"}, {"start": 49, "end": 53, "username": "WHO", "id": "14499829"}]}, "author_id": "900271822465380352", "lang": "en", "source": "Threader_client", "text": "@threadascii Hello Thread, the whole thread from @WHO is compiled now. Read it here: https://t.co/GB7BQoAXaA #coronavirus #2019nCoV #KnowTheFacts", "created_at": "2020-02-01T17:47:01.000Z", "id": "1223664059675004928", "in_reply_to_user_id": "1032870836", "conversation_id": "1221800661039419398"}