{"text": "@WHO @WHOWPRO @WHOSEARO @WHO_Europe @pahowho @WHOEMRO @WHOAFRO @WHO How could you not including Taiwan? \ud83c\uddf9\ud83c\uddfc", "lang": "en", "id": "1223983664905605120", "source": "Twitter for iPhone", "entities": {"mentions": [{"start": 0, "end": 4, "username": "WHO", "id": "14499829"}, {"start": 5, "end": 13, "username": "WHOWPRO", "id": "3794682452"}, {"start": 14, "end": 23, "username": "WHOSEARO", "id": "1545915336"}, {"start": 24, "end": 35, "username": "WHO_Europe", "id": "125403342"}, {"start": 36, "end": 44, "username": "pahowho", "id": "20629893"}, {"start": 45, "end": 53, "username": "WHOEMRO", "id": "259372802"}, {"start": 54, "end": 62, "username": "WHOAFRO", "id": "544389588"}, {"start": 63, "end": 67, "username": "WHO", "id": "14499829"}], "annotations": [{"start": 96, "end": 101, "probability": 0.9887, "type": "Place", "normalized_text": "Taiwan"}]}, "conversation_id": "1221800661039419398", "created_at": "2020-02-02T14:57:00.000Z", "author_id": "852527060731875328", "in_reply_to_user_id": "14499829"}