{"id": "1223589834389848065", "text": "Q: Does the new #coronavirus (2019-nC0V) affect older people, or are younger people also susceptible?\nA: People of all ages can be infected by the virus.\nOlder people &amp; those with pre-existing medical conditions appear to be more vulnerable to becoming severely ill with the virus https://t.co/oVq4ysz1fo", "author_id": "326631858", "conversation_id": "1222219972086239232", "lang": "en", "source": "Twitter for iPhone", "entities": {"urls": [{"start": 285, "end": 308, "url": "https://t.co/oVq4ysz1fo", "expanded_url": "https://twitter.com/OzgurTufekci/status/1223589834389848065/photo/1", "display_url": "pic.twitter.com/oVq4ysz1fo"}], "hashtags": [{"start": 16, "end": 28, "tag": "coronavirus"}]}, "in_reply_to_user_id": "326631858", "created_at": "2020-02-01T12:52:04.000Z"}