{"text": "@121SoWhat121 @WHO @WHOWPRO @WHOSEARO @WHO_Europe @pahowho @WHOEMRO @WHOAFRO virus doesn't make people die suddenly. What makes people die suddenly is myocardial infarction and other disease. videos are just bullshit", "lang": "en", "id": "1223907865565351937", "source": "Twitter for Android", "entities": {"mentions": [{"start": 14, "end": 18, "username": "WHO", "id": "14499829"}, {"start": 19, "end": 27, "username": "WHOWPRO", "id": "3794682452"}, {"start": 28, "end": 37, "username": "WHOSEARO", "id": "1545915336"}, {"start": 38, "end": 49, "username": "WHO_Europe", "id": "125403342"}, {"start": 50, "end": 58, "username": "pahowho", "id": "20629893"}, {"start": 59, "end": 67, "username": "WHOEMRO", "id": "259372802"}, {"start": 68, "end": 76, "username": "WHOAFRO", "id": "544389588"}]}, "conversation_id": "1221800661039419398", "created_at": "2020-02-02T09:55:48.000Z", "author_id": "1222743807596216320", "in_reply_to_user_id": "968898045562601472"}