{"text": "@WHO @WHOWPRO @WHOSEARO @WHO_Europe @pahowho @WHOEMRO @WHOAFRO Dear WHO, can my institution translate these FAQs into Indonesian? Cc @WHOIndonesia", "lang": "en", "id": "1223918455952306176", "source": "Twitter for iPhone", "entities": {"mentions": [{"start": 0, "end": 4, "username": "WHO", "id": "14499829"}, {"start": 5, "end": 13, "username": "WHOWPRO", "id": "3794682452"}, {"start": 14, "end": 23, "username": "WHOSEARO", "id": "1545915336"}, {"start": 24, "end": 35, "username": "WHO_Europe", "id": "125403342"}, {"start": 36, "end": 44, "username": "pahowho", "id": "20629893"}, {"start": 45, "end": 53, "username": "WHOEMRO", "id": "259372802"}, {"start": 54, "end": 62, "username": "WHOAFRO", "id": "544389588"}, {"start": 133, "end": 146, "username": "WHOIndonesia", "id": "226861395"}]}, "conversation_id": "1221800661039419398", "created_at": "2020-02-02T10:37:53.000Z", "author_id": "84613009", "in_reply_to_user_id": "14499829"}