{"id": "1223470365755592704", "in_reply_to_user_id": "164997168", "entities": {"urls": [{"start": 233, "end": 256, "url": "https://t.co/CoH5GNPog9", "expanded_url": "https://twitter.com/sdpixxelss/status/1223470365755592704/photo/1", "display_url": "pic.twitter.com/CoH5GNPog9"}]}, "author_id": "164997168", "created_at": "2020-02-01T04:57:20.000Z", "conversation_id": "1223467271898615809", "source": "Twitter for Android", "text": "10. How do I protect myself ?\n\nWHO\u2019s\u00a0standard recommendations for the general public to reduce exposure to and transmission of a range of\u00a0illnesses\u00a0are as follows, which include hand and respiratory hygiene, and safe food practices: https://t.co/CoH5GNPog9", "lang": "en"}