{"id": "1223467972901011458", "in_reply_to_user_id": "164997168", "author_id": "164997168", "created_at": "2020-02-01T04:47:50.000Z", "conversation_id": "1223467271898615809", "entities": {"hashtags": [{"start": 154, "end": 168, "tag": "coronarovirus"}, {"start": 169, "end": 186, "tag": "coronavirusindia"}, {"start": 187, "end": 202, "tag": "CoronavirusWho"}]}, "source": "Twitter for Android", "text": "3. Q\u2014What Is A Novel Coronavirus ?\n\nA-- A novel coronavirus (2019-nCoV) is a new strain of coronavirus that has not been previously identified in humans\n\n#coronarovirus #coronavirusindia #CoronavirusWho", "lang": "en"}