{"author_id": "2317940624", "lang": "en", "source": "Twitter Web App", "text": "@IzzyLush_ @WHO @WHOWPRO @WHOSEARO @WHO_Europe @pahowho @WHOEMRO @WHOAFRO There are many types of diseases that make our immune system weaker, I don't know if this virus makes the same, but if so, this is possible", "entities": {"mentions": [{"start": 0, "end": 10, "username": "IzzyLush_", "id": "1016891305643790336"}, {"start": 11, "end": 15, "username": "WHO", "id": "14499829"}, {"start": 16, "end": 24, "username": "WHOWPRO", "id": "3794682452"}, {"start": 25, "end": 34, "username": "WHOSEARO", "id": "1545915336"}, {"start": 35, "end": 46, "username": "WHO_Europe", "id": "125403342"}, {"start": 47, "end": 55, "username": "pahowho", "id": "20629893"}, {"start": 56, "end": 64, "username": "WHOEMRO", "id": "259372802"}, {"start": 65, "end": 73, "username": "WHOAFRO", "id": "544389588"}]}, "created_at": "2020-01-31T23:44:22.000Z", "id": "1223391605073248256", "in_reply_to_user_id": "1016891305643790336", "conversation_id": "1221800661039419398"}