{"author_id": "326631858", "source": "Twitter for iPhone", "entities": {"hashtags": [{"start": 201, "end": 215, "tag": "coronarovirus"}, {"start": 216, "end": 229, "tag": "worldometers"}], "annotations": [{"start": 51, "end": 62, "probability": 0.5788, "type": "Place", "normalized_text": "Wuhan, China"}]}, "text": "The Novel Coronavirus (2019-nCoV) originating from Wuhan, China, has now spread to 27 countries and territories worldwide, with 11,948 confirmed cases and 259 deaths as of February 1, 2020, 00:40 GMT. #coronarovirus #worldometers", "lang": "en", "id": "1223467315964059648", "created_at": "2020-02-01T04:45:13.000Z", "in_reply_to_user_id": "326631858", "conversation_id": "1222219972086239232"}