{"entities": {"urls": [{"start": 59, "end": 82, "url": "https://t.co/NosmRCvkwT", "expanded_url": "https://twitter.com/OzgurTufekci/status/1223886546597744641/photo/1", "display_url": "pic.twitter.com/NosmRCvkwT"}], "hashtags": [{"start": 46, "end": 58, "tag": "coronavirus"}], "annotations": [{"start": 19, "end": 32, "probability": 0.8084, "type": "Place", "normalized_text": "Mainland China"}, {"start": 37, "end": 44, "probability": 0.7299, "type": "Place", "normalized_text": "Province"}]}, "conversation_id": "1222219972086239232", "created_at": "2020-02-02T08:31:06.000Z", "lang": "en", "source": "Twitter for iPhone", "id": "1223886546597744641", "text": "Confirmed Cases in Mainland China by Province #coronavirus https://t.co/NosmRCvkwT", "author_id": "326631858", "in_reply_to_user_id": "326631858"}