{"id": "1223278788089470977", "in_reply_to_user_id": "14499829", "entities": {"urls": [{"start": 274, "end": 297, "url": "https://t.co/xoUz6PzHIo", "expanded_url": "https://twitter.com/WHO/status/1223278788089470977/photo/1", "display_url": "pic.twitter.com/xoUz6PzHIo"}], "hashtags": [{"start": 111, "end": 120, "tag": "2019nCoV"}, {"start": 260, "end": 273, "tag": "KnowTheFacts"}], "mentions": [{"start": 0, "end": 8, "username": "WHOWPRO", "id": "3794682452"}, {"start": 9, "end": 18, "username": "WHOSEARO", "id": "1545915336"}, {"start": 19, "end": 30, "username": "WHO_Europe", "id": "125403342"}, {"start": 31, "end": 39, "username": "pahowho", "id": "20629893"}, {"start": 40, "end": 48, "username": "WHOEMRO", "id": "259372802"}, {"start": 49, "end": 57, "username": "WHOAFRO", "id": "544389588"}]}, "author_id": "14499829", "created_at": "2020-01-31T16:16:05.000Z", "conversation_id": "1221800661039419398", "source": "Twitter Web App", "text": "@WHOWPRO @WHOSEARO @WHO_Europe @pahowho @WHOEMRO @WHOAFRO Q: Do vaccines against pneumonia protect you against #2019nCoV?\nA: No. Vaccines against pneumonia do not provide protection against 2019-nCoV.\nThe virus is new and different. It needs its own vaccine.\n\n#KnowTheFacts https://t.co/xoUz6PzHIo", "lang": "en"}