{"id": "1223993219022753793", "in_reply_to_user_id": "14499829", "entities": {"urls": [{"start": 254, "end": 277, "url": "https://t.co/lQEVEZ6jGT", "expanded_url": "https://twitter.com/WHO/status/1223993219022753793/photo/1", "display_url": "pic.twitter.com/lQEVEZ6jGT"}], "hashtags": [{"start": 120, "end": 129, "tag": "2019nCoV"}, {"start": 239, "end": 253, "tag": "KnowYourFacts"}], "mentions": [{"start": 0, "end": 8, "username": "WHOWPRO", "id": "3794682452"}, {"start": 9, "end": 18, "username": "WHOSEARO", "id": "1545915336"}, {"start": 19, "end": 30, "username": "WHO_Europe", "id": "125403342"}, {"start": 31, "end": 39, "username": "pahowho", "id": "20629893"}, {"start": 40, "end": 48, "username": "WHOEMRO", "id": "259372802"}, {"start": 49, "end": 57, "username": "WHOAFRO", "id": "544389588"}]}, "author_id": "14499829", "created_at": "2020-02-02T15:34:58.000Z", "conversation_id": "1221800661039419398", "source": "Twitter Web App", "text": "@WHOWPRO @WHOSEARO @WHO_Europe @pahowho @WHOEMRO @WHOAFRO Q: Can gargling mouthwash protect you from infection with the #2019nCoV?\nA: No. There is no evidence that using mouthwash will protect you from infection with the new coronavirus.\n\n#KnowYourFacts https://t.co/lQEVEZ6jGT", "lang": "en"}