{"text": "@WHO @WHOWPRO @WHOSEARO @WHO_Europe @pahowho @WHOEMRO @WHOAFRO Es de caj\u00f3n, los m\u00e9dicos no paran de repetirlo los antibi\u00f3ticos no valen para los virus \ud83e\udd37\u200d\u2642\ufe0f", "lang": "es", "id": "1223374780503597059", "source": "Twitter for iPhone", "entities": {"mentions": [{"start": 0, "end": 4, "username": "WHO", "id": "14499829"}, {"start": 5, "end": 13, "username": "WHOWPRO", "id": "3794682452"}, {"start": 14, "end": 23, "username": "WHOSEARO", "id": "1545915336"}, {"start": 24, "end": 35, "username": "WHO_Europe", "id": "125403342"}, {"start": 36, "end": 44, "username": "pahowho", "id": "20629893"}, {"start": 45, "end": 53, "username": "WHOEMRO", "id": "259372802"}, {"start": 54, "end": 62, "username": "WHOAFRO", "id": "544389588"}]}, "conversation_id": "1221800661039419398", "created_at": "2020-01-31T22:37:31.000Z", "author_id": "280113860", "in_reply_to_user_id": "14499829"}