{"id": "1223532656778010624", "in_reply_to_user_id": "14499829", "entities": {"urls": [{"start": 338, "end": 361, "url": "https://t.co/RBBqjkd5JQ", "expanded_url": "https://twitter.com/WHO/status/1223532656778010624/photo/1", "display_url": "pic.twitter.com/RBBqjkd5JQ"}], "hashtags": [{"start": 205, "end": 214, "tag": "2019nCoV"}, {"start": 324, "end": 337, "tag": "KnowTheFacts"}], "mentions": [{"start": 0, "end": 8, "username": "WHOWPRO", "id": "3794682452"}, {"start": 9, "end": 18, "username": "WHOSEARO", "id": "1545915336"}, {"start": 19, "end": 30, "username": "WHO_Europe", "id": "125403342"}, {"start": 31, "end": 39, "username": "pahowho", "id": "20629893"}, {"start": 40, "end": 48, "username": "WHOEMRO", "id": "259372802"}, {"start": 49, "end": 57, "username": "WHOAFRO", "id": "544389588"}], "annotations": [{"start": 110, "end": 114, "probability": 0.9664, "type": "Place", "normalized_text": "China"}, {"start": 168, "end": 172, "probability": 0.9823, "type": "Place", "normalized_text": "China"}]}, "author_id": "14499829", "created_at": "2020-02-01T09:04:52.000Z", "conversation_id": "1221800661039419398", "source": "Twitter Web App", "text": "@WHOWPRO @WHOSEARO @WHO_Europe @pahowho @WHOEMRO @WHOAFRO Q: Is it safe to receive a letter or a package from China?\nA: Yes, it is safe. People receiving packages from China are not at risk of contracting #2019nCoV.\nFrom previous analysis, we know coronaviruses do not survive long on objects, such as letters or packages.\n\n#KnowTheFacts https://t.co/RBBqjkd5JQ", "lang": "en"}