{"id": "1223846826823970816", "in_reply_to_user_id": "3794682452", "entities": {"urls": [{"start": 510, "end": 533, "url": "https://t.co/IKee642Ctn", "expanded_url": "http://bit.ly/2uQGG1s", "display_url": "bit.ly/2uQGG1s"}, {"start": 574, "end": 597, "url": "https://t.co/EOVq5eR6Mp", "expanded_url": "https://twitter.com/WHOWPRO/status/1223846826823970816/photo/1", "display_url": "pic.twitter.com/EOVq5eR6Mp"}, {"start": 574, "end": 597, "url": "https://t.co/EOVq5eR6Mp", "expanded_url": "https://twitter.com/WHOWPRO/status/1223846826823970816/photo/1", "display_url": "pic.twitter.com/EOVq5eR6Mp"}], "hashtags": [{"start": 535, "end": 547, "tag": "coronavirus"}, {"start": 548, "end": 553, "tag": "nCoV"}, {"start": 554, "end": 563, "tag": "nCoV2019"}, {"start": 564, "end": 573, "tag": "2019nCoV"}], "mentions": [{"start": 0, "end": 15, "username": "WHOPhilippines", "id": "2218026914"}, {"start": 30, "end": 44, "username": "takeshi_kasai", "id": "918829268372635648"}, {"start": 53, "end": 66, "username": "KKMPutrajaya", "id": "531041640"}, {"start": 77, "end": 85, "username": "WHOKobe", "id": "538804810"}, {"start": 86, "end": 99, "username": "AMRCRC_JAPAN", "id": "855223341581336576"}, {"start": 100, "end": 110, "username": "MHLWitter", "id": "180585090"}, {"start": 111, "end": 121, "username": "jameschau", "id": "20897050"}, {"start": 122, "end": 134, "username": "minhealthnz", "id": "46540286"}, {"start": 135, "end": 147, "username": "MoHFW_INDIA", "id": "2596143056"}, {"start": 148, "end": 160, "username": "minhealthci", "id": "898336321906671616"}, {"start": 161, "end": 170, "username": "sporeMOH", "id": "78772642"}, {"start": 171, "end": 180, "username": "loyingru", "id": "2776334448"}, {"start": 181, "end": 195, "username": "SonjaTanevska", "id": "280490935"}, {"start": 196, "end": 208, "username": "DrRasul_WHO", "id": "353244164"}, {"start": 209, "end": 213, "username": "WHO", "id": "14499829"}, {"start": 214, "end": 226, "username": "healthgovau", "id": "125215990"}, {"start": 242, "end": 252, "username": "Fiji_MOFA", "id": "1071536989197881344"}, {"start": 253, "end": 263, "username": "samoagovt", "id": "1016451774"}, {"start": 264, "end": 269, "username": "dfat", "id": "273730280"}, {"start": 270, "end": 279, "username": "NHPINDIA", "id": "1497890814"}, {"start": 280, "end": 287, "username": "mohwpr", "id": "90584054"}, {"start": 437, "end": 441, "username": "WHO", "id": "14499829"}]}, "author_id": "3794682452", "created_at": "2020-02-02T05:53:16.000Z", "conversation_id": "1220148747797024768", "source": "Twitter Web App", "text": "@WHOPhilippines @WHO_Mongolia @takeshi_kasai @DOHgov @KKMPutrajaya @KoreaCDC @WHOKobe @AMRCRC_JAPAN @MHLWitter @jameschau @minhealthnz @MoHFW_INDIA @minhealthci @sporeMOH @loyingru @SonjaTanevska @DrRasul_WHO @WHO @healthgovau @fijiconsulate @Fiji_MOFA @samoagovt @dfat @NHPINDIA @mohwpr @MITTFJ When to use a mask? \ud83d\ude37 If you do need to use one, how do you put on, use, take off and dispose of a mask?\n\nFind information and guidance from @WHO regarding the current outbreak of novel coronavirus (2019-nCoV):\n\u27a1\ufe0f https://t.co/IKee642Ctn\n\n#coronavirus #nCoV #nCoV2019 #2019nCoV https://t.co/EOVq5eR6Mp", "lang": "en"}