{"id": "1223469373886582784", "in_reply_to_user_id": "164997168", "author_id": "164997168", "created_at": "2020-02-01T04:53:24.000Z", "conversation_id": "1223467271898615809", "entities": {"hashtags": [{"start": 183, "end": 197, "tag": "coronarovirus"}, {"start": 198, "end": 215, "tag": "coronavirusindia"}]}, "source": "Twitter for Android", "text": "8. \u00a0Is there a vaccine for Novel Coronavirus ?\n\nA--When a disease is new, there is no vaccine until one is developed. It can take a number of years for a new vaccine to be developed.\n#coronarovirus\n#coronavirusindia", "lang": "en"}