{"created_at": "2020-02-01T12:55:18.000Z", "text": "Q: Is it safe to receive a letter or a package from China?\nA: Yes, it is safe. People receiving packages from China are not at risk of contracting #2019nCoV.\nFrom previous analysis, we know coronaviruses do not survive long on objects, such as letters or packages.\n\n#KnowTheFacts https://t.co/0VTjSwXzNG", "entities": {"urls": [{"start": 280, "end": 303, "url": "https://t.co/0VTjSwXzNG", "expanded_url": "https://twitter.com/OzgurTufekci/status/1223590649469063169/photo/1", "display_url": "pic.twitter.com/0VTjSwXzNG"}], "annotations": [{"start": 52, "end": 56, "probability": 0.9672, "type": "Place", "normalized_text": "China"}, {"start": 110, "end": 114, "probability": 0.9826, "type": "Place", "normalized_text": "China"}], "hashtags": [{"start": 147, "end": 156, "tag": "2019nCoV"}, {"start": 266, "end": 279, "tag": "KnowTheFacts"}]}, "in_reply_to_user_id": "326631858", "conversation_id": "1222219972086239232", "lang": "en", "id": "1223590649469063169", "author_id": "326631858", "source": "Twitter for iPhone"}