{"author_id": "326631858", "source": "Twitter for iPhone", "entities": {"hashtags": [{"start": 62, "end": 74, "tag": "coronavirus"}], "urls": [{"start": 75, "end": 98, "url": "https://t.co/dCEglgh7Nr", "expanded_url": "https://twitter.com/OzgurTufekci/status/1223465112788512768/photo/1", "display_url": "pic.twitter.com/dCEglgh7Nr"}]}, "text": "Suspected: 17988\nConfirmed: 11821\nDeaths: 259\nRecovered: 245\n\n#coronavirus https://t.co/dCEglgh7Nr", "lang": "en", "id": "1223465112788512768", "created_at": "2020-02-01T04:36:28.000Z", "in_reply_to_user_id": "326631858", "conversation_id": "1222219972086239232"}