{"text": "@WHO @WHOWPRO @WHOSEARO @WHO_Europe @pahowho @WHOEMRO @WHOAFRO What are China and other countries with coronavirus deaths doing with corpses? After all, they can not be buried in the ground. I have not found information about this anywhere.", "lang": "en", "id": "1223952902533931009", "source": "Twitter Web App", "entities": {"mentions": [{"start": 0, "end": 4, "username": "WHO", "id": "14499829"}, {"start": 5, "end": 13, "username": "WHOWPRO", "id": "3794682452"}, {"start": 14, "end": 23, "username": "WHOSEARO", "id": "1545915336"}, {"start": 24, "end": 35, "username": "WHO_Europe", "id": "125403342"}, {"start": 36, "end": 44, "username": "pahowho", "id": "20629893"}, {"start": 45, "end": 53, "username": "WHOEMRO", "id": "259372802"}, {"start": 54, "end": 62, "username": "WHOAFRO", "id": "544389588"}], "annotations": [{"start": 72, "end": 76, "probability": 0.9902, "type": "Place", "normalized_text": "China"}]}, "conversation_id": "1221800661039419398", "created_at": "2020-02-02T12:54:46.000Z", "author_id": "2925013749", "in_reply_to_user_id": "14499829"}