{"id": "1223772636737605635", "text": "Suspected: 19544\nConfirmed: 14411\nDeaths: 304\nRecovered: 328\n\n#coronavirus https://t.co/mHECzM38pG", "author_id": "326631858", "conversation_id": "1222219972086239232", "lang": "en", "source": "Twitter for iPhone", "entities": {"urls": [{"start": 75, "end": 98, "url": "https://t.co/mHECzM38pG", "expanded_url": "https://twitter.com/OzgurTufekci/status/1223772636737605635/photo/1", "display_url": "pic.twitter.com/mHECzM38pG"}], "hashtags": [{"start": 62, "end": 74, "tag": "coronavirus"}]}, "in_reply_to_user_id": "326631858", "created_at": "2020-02-02T00:58:27.000Z"}