{"conversation_id": "1222219972086239232", "created_at": "2020-02-02T08:28:40.000Z", "lang": "en", "source": "Twitter for iPhone", "entities": {"hashtags": [{"start": 125, "end": 137, "tag": "coronavirus"}], "annotations": [{"start": 44, "end": 54, "probability": 0.9932, "type": "Place", "normalized_text": "Philippines"}, {"start": 103, "end": 107, "probability": 0.9893, "type": "Place", "normalized_text": "China"}]}, "id": "1223885934262919168", "text": "A 44-year-old Wuhan man who traveled to the Philippines is the first known person to have died outside China from the virus. #coronavirus", "author_id": "326631858", "in_reply_to_user_id": "326631858"}