{"id": "1223590471890538496", "text": "Q: Do vaccines against pneumonia protect you against #2019nCoV?\nA: No. Vaccines against pneumonia do not provide protection against 2019-nCoV.\nThe virus is new and different. It needs its own vaccine.\n\n#KnowTheFacts @WHO https://t.co/BQFXE6Dw2m", "author_id": "326631858", "conversation_id": "1222219972086239232", "lang": "en", "entities": {"mentions": [{"start": 216, "end": 220, "username": "WHO", "id": "14499829"}], "urls": [{"start": 221, "end": 244, "url": "https://t.co/BQFXE6Dw2m", "expanded_url": "https://twitter.com/OzgurTufekci/status/1223590471890538496/photo/1", "display_url": "pic.twitter.com/BQFXE6Dw2m"}], "hashtags": [{"start": 53, "end": 62, "tag": "2019nCoV"}, {"start": 202, "end": 215, "tag": "KnowTheFacts"}]}, "source": "Twitter for iPhone", "in_reply_to_user_id": "326631858", "created_at": "2020-02-01T12:54:36.000Z"}