{"source": "Twitter for Android", "author_id": "12104642", "created_at": "2020-01-31T03:34:30.000Z", "text": "Does the new coronavirus affect older people, or are younger people also susceptible?\n\nPeople of all ages can be infected. Older people, &amp; people with pre-existing medical conditions (such as asthma, diabetes, heart disease) appear to be more vulnerable to becoming severely ill https://t.co/A93P4kaZHV", "entities": {"urls": [{"start": 283, "end": 306, "url": "https://t.co/A93P4kaZHV", "expanded_url": "https://twitter.com/oommen/status/1223087131129597952/photo/1", "display_url": "pic.twitter.com/A93P4kaZHV"}]}, "id": "1223087131129597952", "in_reply_to_user_id": "12104642", "conversation_id": "1222892171432316928", "lang": "en"}