{"id": "1223467486151991299", "in_reply_to_user_id": "164997168", "author_id": "164997168", "created_at": "2020-02-01T04:45:54.000Z", "conversation_id": "1223467271898615809", "entities": {"hashtags": [{"start": 90, "end": 104, "tag": "coronarovirus"}, {"start": 105, "end": 122, "tag": "coronavirusindia"}, {"start": 123, "end": 138, "tag": "CoronavirusWho"}]}, "source": "Twitter for Android", "text": "2. Coronavirus are Zoonotic , meaning they are transmitted between animals &amp; people.\n\n#coronarovirus #coronavirusindia #CoronavirusWho", "lang": "en"}