{"source": "Twitter Web App", "in_reply_to_user_id": "12104642", "conversation_id": "1222892171432316928", "created_at": "2020-02-01T19:03:37.000Z", "entities": {"mentions": [{"start": 0, "end": 13, "username": "KeralaHealth", "id": "1002933776832319488"}, {"start": 14, "end": 26, "username": "MoHFW_INDIA", "id": "2596143056"}, {"start": 27, "end": 39, "username": "nvbdcpmohfw", "id": "832580039514271745"}], "hashtags": [{"start": 47, "end": 59, "tag": "Coronavirus"}], "annotations": [{"start": 73, "end": 78, "probability": 0.9392, "type": "Place", "normalized_text": "Kerala"}, {"start": 121, "end": 125, "probability": 0.7272, "type": "Place", "normalized_text": "china"}]}, "id": "1223683339028066304", "author_id": "12104642", "lang": "en", "text": "@KeralaHealth @MoHFW_INDIA @nvbdcpmohfw Latest #Coronavirus numbers from Kerala -1st Feb\n\nCum. number of passengers from china under observation- 1793\nCum. number of asymptomatic passengers under home isolation- 1723\nCum. no of symptomatic passengers hospitalised- 70\n\nNo of symptomatic passengers hospitalised TODAY- 21"}