{"source": "Twitter Web App", "in_reply_to_user_id": "12104642", "conversation_id": "1222892171432316928", "created_at": "2020-02-01T19:06:02.000Z", "entities": {"mentions": [{"start": 0, "end": 13, "username": "KeralaHealth", "id": "1002933776832319488"}, {"start": 14, "end": 26, "username": "MoHFW_INDIA", "id": "2596143056"}, {"start": 27, "end": 39, "username": "nvbdcpmohfw", "id": "832580039514271745"}], "annotations": [{"start": 80, "end": 109, "probability": 0.664, "type": "Organization", "normalized_text": "National Institute of Virology"}, {"start": 248, "end": 259, "probability": 0.3578, "type": "Other", "normalized_text": "Corona Virus"}]}, "id": "1223683947319590912", "author_id": "12104642", "lang": "en", "text": "@KeralaHealth @MoHFW_INDIA @nvbdcpmohfw -Till date 39 Samples have been sent to National Institute of Virology (NIV) Pune for testing out of which results of 23 samples came as negative. The health status of the student who was tested positive for Corona Virus remain satisfactory-"}