{"entities": {"urls": [{"start": 33, "end": 56, "url": "https://t.co/Mit9ltXaxg", "expanded_url": "https://twitter.com/WHO/status/1221840413700562944/photo/1", "display_url": "pic.twitter.com/Mit9ltXaxg"}], "hashtags": [{"start": 4, "end": 16, "tag": "coronavirus"}, {"start": 17, "end": 26, "tag": "2019nCoV"}]}, "source": "Twitter for Android", "created_at": "2020-02-02T16:43:18.000Z", "author_id": "1339896786", "conversation_id": "1224010408140386304", "id": "1224010413274255360", "text": "new #coronavirus #2019nCoV-nCoV\n https://t.co/Mit9ltXaxg", "in_reply_to_user_id": "1339896786", "lang": "en"}