{"entities": {"mentions": [{"start": 0, "end": 4, "username": "WHO", "id": "14499829"}, {"start": 5, "end": 13, "username": "WHOWPRO", "id": "3794682452"}, {"start": 14, "end": 23, "username": "WHOSEARO", "id": "1545915336"}, {"start": 24, "end": 35, "username": "WHO_Europe", "id": "125403342"}, {"start": 36, "end": 44, "username": "pahowho", "id": "20629893"}, {"start": 45, "end": 53, "username": "WHOEMRO", "id": "259372802"}, {"start": 54, "end": 62, "username": "WHOAFRO", "id": "544389588"}]}, "source": "Twitter Web App", "created_at": "2020-02-02T22:35:32.000Z", "text": "@WHO @WHOWPRO @WHOSEARO @WHO_Europe @pahowho @WHOEMRO @WHOAFRO Sleeping whole night without taking a bath after  having swum in the sea, coating your skin with salt in this way, heals the verrucas.Personal experience. Science is of course something related to experiences as well experiments. Why not.Just try it.", "in_reply_to_user_id": "14499829", "lang": "en", "author_id": "2280167452", "id": "1224099056819097600", "conversation_id": "1221800661039419398"}