{"text": "@WHOMaldives @WHOThailand @HPA_MV @mohpnep @MOHPnepal @MoHFW_INDIA @KAWcoalition @HFWOdisha @MoHFW_GUJARAT @MoHmv Q: Are there any specific medicines to prevent or treat the new #coronavirus?\n\nA: To date, there is no specific medicine recommended to prevent or treat the #virus.\n@WHO is helping to accelerate research and development efforts with a range of partners. https://t.co/YZLFAv4CXF", "entities": {"hashtags": [{"start": 178, "end": 190, "tag": "coronavirus"}, {"start": 271, "end": 277, "tag": "virus"}], "mentions": [{"start": 0, "end": 12, "username": "WHOMaldives", "id": "1442934157"}, {"start": 13, "end": 25, "username": "WHOThailand", "id": "479264032"}, {"start": 26, "end": 33, "username": "HPA_MV", "id": "514423446"}, {"start": 34, "end": 42, "username": "mohpnep", "id": "1038061327216865280"}, {"start": 43, "end": 53, "username": "MOHPnepal", "id": "980683813633142784"}, {"start": 54, "end": 66, "username": "MoHFW_INDIA", "id": "2596143056"}, {"start": 67, "end": 80, "username": "KAWcoalition", "id": "344140731"}, {"start": 81, "end": 91, "username": "HFWOdisha", "id": "825566197714403328"}, {"start": 92, "end": 106, "username": "MoHFW_GUJARAT", "id": "776667053604212736"}, {"start": 107, "end": 113, "username": "MoHmv", "id": "2318304726"}, {"start": 279, "end": 283, "username": "WHO", "id": "14499829"}], "urls": [{"start": 368, "end": 391, "url": "https://t.co/YZLFAv4CXF", "expanded_url": "https://twitter.com/WHOSEARO/status/1224263511741591553/photo/1", "display_url": "pic.twitter.com/YZLFAv4CXF"}]}, "lang": "en", "id": "1224263511741591553", "source": "Twitter Web App", "conversation_id": "1224186399840071681", "created_at": "2020-02-03T09:29:01.000Z", "author_id": "1545915336", "in_reply_to_user_id": "1545915336"}