{"lang": "in", "author_id": "1221722987633577984", "source": "Twitter for iPhone", "in_reply_to_user_id": "531041640", "entities": {"mentions": [{"start": 0, "end": 13, "username": "KKMPutrajaya", "id": "531041640"}, {"start": 14, "end": 18, "username": "WHO", "id": "14499829"}, {"start": 61, "end": 70, "username": "ShopeeMY", "id": "2989403819"}, {"start": 75, "end": 84, "username": "LazadaMY", "id": "508433315"}]}, "id": "1224176974697914369", "created_at": "2020-02-03T03:45:09.000Z", "text": "@KKMPutrajaya @WHO Understand. Ok bole start order barang kt @ShopeeMY dan @LazadaMY tanpa ragu", "conversation_id": "1224013330781655040"}