{"entities": {"annotations": [{"start": 52, "end": 56, "probability": 0.974, "type": "Place", "normalized_text": "China"}, {"start": 110, "end": 114, "probability": 0.9837, "type": "Place", "normalized_text": "China"}], "mentions": [{"start": 267, "end": 271, "username": "WHO", "id": "14499829"}], "hashtags": [{"start": 147, "end": 156, "tag": "2019nCoV"}]}, "lang": "en", "author_id": "531041640", "source": "Twitter for Android", "id": "1224013330781655040", "created_at": "2020-02-02T16:54:53.000Z", "text": "Q: Is it safe to receive a letter or a package from China?\nA: Yes, it is safe. People receiving packages from China are not at risk of contracting #2019nCoV.\nFrom previous analysis, we know coronaviruses do not survive long on objects, such as letters or packages. - @WHO", "conversation_id": "1224013330781655040"}