{"lang": "en", "entities": {"urls": [{"start": 279, "end": 302, "url": "https://t.co/cbmyvbNytc", "expanded_url": "https://twitter.com/WHOPhilippines/status/1224613703623905280/photo/1", "display_url": "pic.twitter.com/cbmyvbNytc"}], "annotations": [{"start": 56, "end": 60, "probability": 0.9493, "type": "Place", "normalized_text": "China"}, {"start": 115, "end": 119, "probability": 0.9825, "type": "Place", "normalized_text": "China"}]}, "source": "Twitter Web App", "author_id": "2218026914", "in_reply_to_user_id": "2218026914", "conversation_id": "1222505592595480576", "text": "Q: Is it safe to receive a letter\u2709\ufe0f or a package\ud83d\udce6 from China?\n\nA: Yes, it is safe. People receiving packages from China are not at risk of contracting the new coronavirus. From previous analysis, we know coronaviruses do not survive long on objects, such as letters or packages. https://t.co/cbmyvbNytc", "created_at": "2020-02-04T08:40:33.000Z", "id": "1224613703623905280"}