{"text": "@WHOSEARO @WHOMaldives @WHOThailand @HPA_MV @mohpnep @MOHPnepal @MoHFW_INDIA @KAWcoalition @HFWOdisha @MoHFW_GUJARAT @MoHmv @WHO @UNinIndia @WHOTimorLeste @WHOSriLanka @UNThailand It would have been really great if all the top pharma companies round the globe teams up to come up with a vaccine. #coronavirus \ud83e\udda0 \ud83c\udf21\ud83e\uddea\ud83d\udd2c\ud83d\udc89\n\n#MedicalInnovations \n#PublicHealthEmergency https://t.co/qkj0TgaMT8", "entities": {"hashtags": [{"start": 296, "end": 308, "tag": "coronavirus"}, {"start": 317, "end": 336, "tag": "MedicalInnovations"}, {"start": 338, "end": 360, "tag": "PublicHealthEmergency"}], "mentions": [{"start": 0, "end": 9, "username": "WHOSEARO", "id": "1545915336"}, {"start": 10, "end": 22, "username": "WHOMaldives", "id": "1442934157"}, {"start": 23, "end": 35, "username": "WHOThailand", "id": "479264032"}, {"start": 36, "end": 43, "username": "HPA_MV", "id": "514423446"}, {"start": 44, "end": 52, "username": "mohpnep", "id": "1038061327216865280"}, {"start": 53, "end": 63, "username": "MOHPnepal", "id": "980683813633142784"}, {"start": 64, "end": 76, "username": "MoHFW_INDIA", "id": "2596143056"}, {"start": 77, "end": 90, "username": "KAWcoalition", "id": "344140731"}, {"start": 91, "end": 101, "username": "HFWOdisha", "id": "825566197714403328"}, {"start": 102, "end": 116, "username": "MoHFW_GUJARAT", "id": "776667053604212736"}, {"start": 117, "end": 123, "username": "MoHmv", "id": "2318304726"}, {"start": 124, "end": 128, "username": "WHO", "id": "14499829"}, {"start": 129, "end": 139, "username": "UNinIndia", "id": "1856588299"}, {"start": 155, "end": 167, "username": "WHOSriLanka", "id": "945574325645590528"}, {"start": 168, "end": 179, "username": "UNThailand", "id": "549944179"}], "urls": [{"start": 361, "end": 384, "url": "https://t.co/qkj0TgaMT8", "expanded_url": "https://twitter.com/Manoj007Dxb/status/1224397115750633472/photo/1", "display_url": "pic.twitter.com/qkj0TgaMT8"}]}, "lang": "en", "id": "1224397115750633472", "source": "Twitter for iPhone", "conversation_id": "1224186399840071681", "created_at": "2020-02-03T18:19:55.000Z", "author_id": "4452844402", "in_reply_to_user_id": "1545915336"}