{"entities": {"mentions": [{"start": 0, "end": 4, "username": "WHO", "id": "14499829"}, {"start": 5, "end": 13, "username": "WHOWPRO", "id": "3794682452"}, {"start": 14, "end": 23, "username": "WHOSEARO", "id": "1545915336"}, {"start": 24, "end": 35, "username": "WHO_Europe", "id": "125403342"}, {"start": 36, "end": 44, "username": "pahowho", "id": "20629893"}, {"start": 45, "end": 53, "username": "WHOEMRO", "id": "259372802"}, {"start": 54, "end": 62, "username": "WHOAFRO", "id": "544389588"}], "annotations": [{"start": 178, "end": 182, "probability": 0.9955, "type": "Place", "normalized_text": "China"}]}, "source": "Twitter Web App", "created_at": "2020-02-02T18:26:16.000Z", "text": "@WHO @WHOWPRO @WHOSEARO @WHO_Europe @pahowho @WHOEMRO @WHOAFRO Lets be real, WHO is a failed agency. They are suppose to be protecting the world, not giving standing ovations to China's inadequate response and suppression.", "in_reply_to_user_id": "14499829", "lang": "en", "author_id": "931772431", "id": "1224036328909594626", "conversation_id": "1221800661039419398"}