{"created_at": "2020-02-03T12:51:56.000Z", "text": "Are antibiotics effective in preventing and treating the new #coronavirus #2019nCoV ? https://t.co/8mL4dDAHzJ", "entities": {"urls": [{"start": 86, "end": 109, "url": "https://t.co/8mL4dDAHzJ", "expanded_url": "https://twitter.com/IFRC_MENA/status/1224314575639785474/photo/1", "display_url": "pic.twitter.com/8mL4dDAHzJ"}], "hashtags": [{"start": 61, "end": 73, "tag": "coronavirus"}, {"start": 74, "end": 83, "tag": "2019nCoV"}]}, "in_reply_to_user_id": "3065500501", "conversation_id": "1224292204614692864", "lang": "en", "id": "1224314575639785474", "author_id": "3065500501", "source": "Twitter Web App"}