{"source": "Twitter for iPhone", "in_reply_to_user_id": "531041640", "conversation_id": "1224013330781655040", "created_at": "2020-02-04T19:07:13.000Z", "entities": {"mentions": [{"start": 0, "end": 13, "username": "KKMPutrajaya", "id": "531041640"}, {"start": 14, "end": 18, "username": "WHO", "id": "14499829"}]}, "id": "1224771407332216838", "author_id": "2910435750", "lang": "en", "text": "@KKMPutrajaya @WHO What if a worker at a local post office gets sick and handles package? I for one started stocking up years ago and ordered  more items weeks ago! I am now able to have food and water for a year! I WOULD SUGGEST EVERYONE DO THE SAME! Don\u2019t forget mask, gloves and Lysol! \ud83d\ude42"}