{"source": "Twitter for Android", "in_reply_to_user_id": "12104642", "entities": {"urls": [{"start": 117, "end": 140, "url": "https://t.co/uNFJRx5wYr", "expanded_url": "https://www.telegraph.co.uk/global-health/science-and-disease/indian-state-declares-emergency-third-confirmed-coronavirus/", "display_url": "telegraph.co.uk/global-health/\u2026"}], "mentions": [{"start": 5, "end": 15, "username": "Telegraph", "id": "16343974"}], "hashtags": [{"start": 99, "end": 111, "tag": "coronavirus"}]}, "conversation_id": "1222892171432316928", "created_at": "2020-02-04T02:44:06.000Z", "id": "1224524000589533184", "author_id": "12104642", "lang": "en", "text": "This @Telegraph piece has a quote from me. \n\nIndian state declares emergency after third confirmed #coronavirus case https://t.co/uNFJRx5wYr"}