{"conversation_id": "1224326352410562561", "created_at": "2020-02-03T14:56:21.000Z", "lang": "en", "entities": {"mentions": [{"start": 0, "end": 11, "username": "Echinanews", "id": "338736117"}, {"start": 12, "end": 16, "username": "WHO", "id": "14499829"}], "annotations": [{"start": 23, "end": 42, "probability": 0.6905, "type": "Person", "normalized_text": "Professor Li Lanjuan"}]}, "source": "Twitter for Android", "id": "1224345888274862080", "text": "@Echinanews @WHO While Professor Li Lanjuan said the virus can last for 48 hours in air.", "author_id": "428104075", "in_reply_to_user_id": "338736117"}