{"source": "Twitter Web App", "in_reply_to_user_id": "12104642", "entities": {"urls": [{"start": 196, "end": 219, "url": "https://t.co/PYSe7AUn0b", "expanded_url": "https://pib.gov.in/PressReleseDetail.aspx?PRID=1601815", "display_url": "pib.gov.in/PressReleseDet\u2026"}, {"start": 264, "end": 287, "url": "https://t.co/t0vXbc4Y4u", "expanded_url": "https://twitter.com/oommen/status/1224588522939547649/photo/1", "display_url": "pic.twitter.com/t0vXbc4Y4u"}], "mentions": [{"start": 0, "end": 10, "username": "Telegraph", "id": "16343974"}, {"start": 11, "end": 27, "username": "nikhilnarayanan", "id": "9404762"}, {"start": 28, "end": 41, "username": "timesofindia", "id": "134758540"}, {"start": 84, "end": 92, "username": "moayush", "id": "2650295678"}], "annotations": [{"start": 254, "end": 262, "probability": 0.2955, "type": "Place", "normalized_text": "PIB Delhi"}]}, "conversation_id": "1222892171432316928", "created_at": "2020-02-04T07:00:30.000Z", "id": "1224588522939547649", "author_id": "12104642", "lang": "en", "text": "@Telegraph @nikhilnarayanan @timesofindia Very happy to see this clarification from @moayush \n\nClarification on Precautionary measures advised by Ministry of AYUSH in the context of Corona Virus\n\nhttps://t.co/PYSe7AUn0b\nPosted On: 04 FEB 2020 11:29AM by PIB Delhi https://t.co/t0vXbc4Y4u"}