{"conversation_id": "1224326352410562561", "created_at": "2020-02-03T14:37:17.000Z", "lang": "en", "entities": {"mentions": [{"start": 0, "end": 11, "username": "Echinanews", "id": "338736117"}, {"start": 12, "end": 16, "username": "WHO", "id": "14499829"}], "annotations": [{"start": 50, "end": 54, "probability": 0.9528, "type": "Place", "normalized_text": "China"}]}, "source": "Twitter for Android", "id": "1224341088049090560", "text": "@Echinanews @WHO And how about some products from China? e.g foods. Is it safe for us to consume?", "author_id": "625336836", "in_reply_to_user_id": "338736117"}