{"author_id": "1329077527", "lang": "en", "source": "Twitter for Android", "text": "@ndmaindia @WHO Thailand Doctors found a medicine right? They also cured a women, after using the medicine, the results showed negative.", "entities": {"mentions": [{"start": 0, "end": 10, "username": "ndmaindia", "id": "2611134289"}, {"start": 11, "end": 15, "username": "WHO", "id": "14499829"}], "annotations": [{"start": 16, "end": 23, "probability": 0.6865, "type": "Place", "normalized_text": "Thailand"}]}, "created_at": "2020-02-05T08:25:49.000Z", "id": "1224972381862551552", "in_reply_to_user_id": "2611134289", "conversation_id": "1224944744926629896"}