{"created_at": "2020-02-04T03:28:10.000Z", "text": "The Ministry of Public Health said they discovered medical treatment that rendered the new strain of coronavirus impotent in 48 hours.\n#coronavirus \n\nhttps://t.co/gdHAQYYotp", "entities": {"urls": [{"start": 150, "end": 173, "url": "https://t.co/gdHAQYYotp", "expanded_url": "http://www.khaosodenglish.com/news/2020/02/02/thai-doctors-say-they-cured-patient-of-coronavirus-in-48-hours/", "display_url": "khaosodenglish.com/news/2020/02/0\u2026", "status": 200, "unwound_url": "https://www.khaosodenglish.com/news/2020/02/02/thai-doctors-say-they-cured-patient-of-coronavirus-in-48-hours/"}], "annotations": [{"start": 0, "end": 28, "probability": 0.3364, "type": "Organization", "normalized_text": "The Ministry of Public Health"}], "hashtags": [{"start": 135, "end": 147, "tag": "coronavirus"}]}, "in_reply_to_user_id": "326631858", "conversation_id": "1222219972086239232", "lang": "en", "id": "1224535087401897989", "author_id": "326631858", "source": "Twitter for iPhone"}