{"source": "Twitter Web App", "in_reply_to_user_id": "12104642", "entities": {"urls": [{"start": 262, "end": 285, "url": "https://t.co/c4W7y4ZaEE", "expanded_url": "https://www.bbc.com/news/world-asia-china-51368873", "display_url": "bbc.com/news/world-asi\u2026"}], "mentions": [{"start": 0, "end": 12, "username": "SnehaMKoshy", "id": "219923571"}], "hashtags": [{"start": 209, "end": 221, "tag": "Coronavirus"}], "annotations": [{"start": 188, "end": 192, "probability": 0.9773, "type": "Place", "normalized_text": "China"}]}, "conversation_id": "1222892171432316928", "created_at": "2020-02-05T06:05:35.000Z", "id": "1224937089961058305", "author_id": "12104642", "lang": "en", "text": "@SnehaMKoshy Important Information: \n\nAbout 80% of those who died were over the age of 60&gt;\n\n75% had pre-existing health conditions such as cardiovascular diseases &amp; diabetes, according to China's NHC.\n\n#Coronavirus: Window of opportunity to act, WHO says https://t.co/c4W7y4ZaEE"}