{"source": "Twitter Web App", "in_reply_to_user_id": "12104642", "entities": {"urls": [{"start": 69, "end": 92, "url": "https://t.co/DHNZlpmQKh", "expanded_url": "http://toi.in/zIyxpb/a24gk", "display_url": "toi.in/zIyxpb/a24gk"}, {"start": 130, "end": 153, "url": "https://t.co/TQZlj4nubU", "expanded_url": "https://twitter.com/oommen/status/1224584895118229504/photo/1", "display_url": "pic.twitter.com/TQZlj4nubU"}], "mentions": [{"start": 0, "end": 10, "username": "Telegraph", "id": "16343974"}, {"start": 99, "end": 115, "username": "nikhilnarayanan", "id": "9404762"}, {"start": 116, "end": 129, "username": "timesofindia", "id": "134758540"}], "hashtags": [{"start": 25, "end": 37, "tag": "coronavirus"}], "annotations": [{"start": 60, "end": 65, "probability": 0.8516, "type": "Place", "normalized_text": "Kerala"}]}, "conversation_id": "1222892171432316928", "created_at": "2020-02-04T06:46:05.000Z", "id": "1224584895118229504", "author_id": "12104642", "lang": "en", "text": "@Telegraph Why all novel #coronavirus cases so far are from Kerala?  https://t.co/DHNZlpmQKh \n\nvia @nikhilnarayanan @timesofindia https://t.co/TQZlj4nubU"}