{"source": "Twitter for Android", "in_reply_to_user_id": "12104642", "entities": {"urls": [{"start": 281, "end": 304, "url": "https://t.co/1hoy0h164l", "expanded_url": "https://twitter.com/oommen/status/1224369954301997056/photo/1", "display_url": "pic.twitter.com/1hoy0h164l"}], "hashtags": [{"start": 7, "end": 19, "tag": "Coronavirus"}], "annotations": [{"start": 32, "end": 37, "probability": 0.9598, "type": "Place", "normalized_text": "Kerala"}, {"start": 80, "end": 84, "probability": 0.5474, "type": "Place", "normalized_text": "china"}]}, "conversation_id": "1222892171432316928", "created_at": "2020-02-03T16:31:59.000Z", "id": "1224369954301997056", "author_id": "12104642", "lang": "en", "text": "Latest #Coronavirus update from Kerala -3rd Feb\n\nCum. number of passengers from china under observation- 2239\n\nCum. number of asymptomatic passengers under home isolation- 2155\nCum. no of symptomatic passengers hospitalised- 84\n\nNo of symptomatic passengers hospitalised TODAY- 12 https://t.co/1hoy0h164l"}