{"entities": {"urls": [{"start": 165, "end": 188, "url": "https://t.co/i0AlUFzs6X", "expanded_url": "http://bit.ly/2019nCoV-FAQ", "display_url": "bit.ly/2019nCoV-FAQ"}, {"start": 189, "end": 212, "url": "https://t.co/BccoZ2je65", "expanded_url": "https://twitter.com/WHOWPRO/status/1224916286787878912/photo/1", "display_url": "pic.twitter.com/BccoZ2je65"}], "mentions": [{"start": 0, "end": 15, "username": "WHOPhilippines", "id": "2218026914"}, {"start": 38, "end": 51, "username": "KKMPutrajaya", "id": "531041640"}, {"start": 52, "end": 62, "username": "MHLWitter", "id": "180585090"}, {"start": 63, "end": 75, "username": "minhealthnz", "id": "46540286"}, {"start": 76, "end": 86, "username": "Fiji_MOFA", "id": "1071536989197881344"}, {"start": 87, "end": 99, "username": "healthgovau", "id": "125215990"}, {"start": 100, "end": 113, "username": "MOH_Mongolia", "id": "975409454"}, {"start": 114, "end": 128, "username": "takeshi_kasai", "id": "918829268372635648"}], "hashtags": [{"start": 150, "end": 159, "tag": "2019nCoV"}]}, "conversation_id": "1224903899447881728", "created_at": "2020-02-05T04:42:55.000Z", "lang": "en", "source": "Twitter Web App", "id": "1224916286787878912", "text": "@WHOPhilippines @WHO_Mongolia @DOHgov @KKMPutrajaya @MHLWitter @minhealthnz @Fiji_MOFA @healthgovau @MOH_Mongolia @takeshi_kasai Q: Who can catch the #2019nCoV? \nA: https://t.co/i0AlUFzs6X https://t.co/BccoZ2je65", "author_id": "3794682452", "in_reply_to_user_id": "3794682452"}