{"created_at": "2020-02-03T06:02:22.000Z", "text": "@KKMPutrajaya @WHO @WHOWPRO @DrDzul @MyHEALTHKKM @DrTedros @beritartm @BernamaTV @bernamadotcom @SinarOnline Takes time to determine if it is a viral or bacterial pneumonia. Or both. Yah decisions are easy once everything is known.", "entities": {"mentions": [{"start": 0, "end": 13, "username": "KKMPutrajaya", "id": "531041640"}, {"start": 14, "end": 18, "username": "WHO", "id": "14499829"}, {"start": 19, "end": 27, "username": "WHOWPRO", "id": "3794682452"}, {"start": 28, "end": 35, "username": "DrDzul", "id": "132443932"}, {"start": 36, "end": 48, "username": "MyHEALTHKKM", "id": "1338312060"}, {"start": 49, "end": 58, "username": "DrTedros", "id": "189868631"}, {"start": 59, "end": 69, "username": "beritartm", "id": "704725700"}, {"start": 70, "end": 80, "username": "BernamaTV", "id": "196460981"}, {"start": 81, "end": 95, "username": "bernamadotcom", "id": "106669711"}, {"start": 96, "end": 108, "username": "SinarOnline", "id": "331383958"}]}, "in_reply_to_user_id": "531041640", "conversation_id": "1224136896248307714", "lang": "en", "id": "1224211505413083141", "author_id": "917442644", "source": "Twitter for Android"}