{"created_at": "2020-02-04T13:38:15.000Z", "text": "Q: How dangerous is the #2019nCoV? \nA: https://t.co/j6HsqP9iJb https://t.co/z5t8e1oA6S", "id": "1224688621820792833", "entities": {"urls": [{"start": 39, "end": 62, "url": "https://t.co/j6HsqP9iJb", "expanded_url": "http://bit.ly/2019nCoV-FAQ", "display_url": "bit.ly/2019nCoV-FAQ"}, {"start": 63, "end": 86, "url": "https://t.co/z5t8e1oA6S", "expanded_url": "https://twitter.com/WHO/status/1224688621820792833/photo/1", "display_url": "pic.twitter.com/z5t8e1oA6S"}], "hashtags": [{"start": 24, "end": 33, "tag": "2019nCoV"}]}, "lang": "en", "source": "Twitter Web App", "conversation_id": "1224688621820792833", "author_id": "14499829"}