{"source": "Twitter Web App", "in_reply_to_user_id": "12104642", "entities": {"urls": [{"start": 258, "end": 281, "url": "https://t.co/bq9PirOW6c", "expanded_url": "https://twitter.com/SnehaMKoshy/status/1224723982277996549", "display_url": "twitter.com/SnehaMKoshy/st\u2026"}], "mentions": [{"start": 3, "end": 15, "username": "SnehaMKoshy", "id": "219923571"}], "hashtags": [{"start": 35, "end": 42, "tag": "Kerala"}]}, "conversation_id": "1222892171432316928", "created_at": "2020-02-05T05:46:28.000Z", "id": "1224932281405472773", "author_id": "12104642", "lang": "en", "text": "RT @SnehaMKoshy \n-A glimpse of how #Kerala is fighting against Coronavirus- \n1) 24x7 call-centre at state Control &amp; Prevention Cell. 24x7 call-centres across all 14 districts. Teams constitute of trained Junior Health Inspectors, doctors &amp; others. \n\nhttps://t.co/bq9PirOW6c"}