{"source": "Twitter Web App", "in_reply_to_user_id": "12104642", "entities": {"urls": [{"start": 162, "end": 185, "url": "https://t.co/N1fr84nb9s", "expanded_url": "https://www.sciencemag.org/news/2020/02/paper-non-symptomatic-patient-transmitting-coronavirus-wrong", "display_url": "sciencemag.org/news/2020/02/p\u2026"}], "mentions": [{"start": 0, "end": 10, "username": "Telegraph", "id": "16343974"}, {"start": 11, "end": 27, "username": "nikhilnarayanan", "id": "9404762"}, {"start": 28, "end": 41, "username": "timesofindia", "id": "134758540"}, {"start": 42, "end": 50, "username": "moayush", "id": "2650295678"}], "hashtags": [{"start": 90, "end": 102, "tag": "coronavirus"}]}, "conversation_id": "1222892171432316928", "created_at": "2020-02-04T10:18:40.000Z", "id": "1224638393557995521", "author_id": "12104642", "lang": "en", "text": "@Telegraph @nikhilnarayanan @timesofindia @moayush Important Update: \n\nStudy claiming new #coronavirus can be transmitted by people without symptoms was flawed \n\nhttps://t.co/N1fr84nb9s"}