{"lang": "en", "author_id": "303277039", "source": "Twitter for Android", "in_reply_to_user_id": "531041640", "entities": {"mentions": [{"start": 0, "end": 13, "username": "KKMPutrajaya", "id": "531041640"}, {"start": 14, "end": 28, "username": "bernamadotcom", "id": "106669711"}, {"start": 29, "end": 33, "username": "WHO", "id": "14499829"}]}, "id": "1224037101043437570", "created_at": "2020-02-02T18:29:21.000Z", "text": "@KKMPutrajaya @bernamadotcom @WHO How long is your long?", "conversation_id": "1224013330781655040"}