{"entities": {"hashtags": [{"start": 0, "end": 5, "tag": "FAQs"}, {"start": 9, "end": 21, "tag": "coronavrius"}, {"start": 88, "end": 100, "tag": "coronavrius"}, {"start": 104, "end": 113, "tag": "nCov2019"}, {"start": 115, "end": 135, "tag": "CoronavirusOutbreak"}], "urls": [{"start": 136, "end": 159, "url": "https://t.co/NucYsjXyhz", "expanded_url": "https://twitter.com/WHONigeria/status/1224214692937314305/photo/1", "display_url": "pic.twitter.com/NucYsjXyhz"}]}, "author_id": "846724193345527808", "lang": "en", "source": "Twitter Web App", "text": "#FAQs on #coronavrius: \n\nCan gargling mouthwash protect you from infection with the new #coronavrius? \n\n#nCov2019 \n#CoronavirusOutbreak https://t.co/NucYsjXyhz", "created_at": "2020-02-03T06:15:02.000Z", "id": "1224214692937314305", "in_reply_to_user_id": "846724193345527808", "conversation_id": "1224214648750247936"}