{"entities": {"mentions": [{"start": 0, "end": 4, "username": "WHO", "id": "14499829"}, {"start": 5, "end": 13, "username": "WHOWPRO", "id": "3794682452"}, {"start": 14, "end": 23, "username": "WHOSEARO", "id": "1545915336"}, {"start": 24, "end": 35, "username": "WHO_Europe", "id": "125403342"}, {"start": 36, "end": 44, "username": "pahowho", "id": "20629893"}, {"start": 45, "end": 53, "username": "WHOEMRO", "id": "259372802"}, {"start": 54, "end": 62, "username": "WHOAFRO", "id": "544389588"}], "annotations": [{"start": 143, "end": 150, "probability": 0.9961, "type": "Place", "normalized_text": "Pakistan"}]}, "source": "Twitter Web App", "created_at": "2020-02-02T17:32:25.000Z", "text": "@WHO @WHOWPRO @WHOSEARO @WHO_Europe @pahowho @WHOEMRO @WHOAFRO There is no independent legislation on occupational safety and health issues in Pakistan. The main law, which governs these issues, is the Chapter 3 of Factories Act, 1934. .it's not enough", "in_reply_to_user_id": "14499829", "lang": "en", "author_id": "2907354146", "id": "1224022776786432007", "conversation_id": "1221800661039419398"}