{"source": "Twitter for Android", "in_reply_to_user_id": "12104642", "conversation_id": "1222892171432316928", "created_at": "2020-02-05T02:08:39.000Z", "id": "1224877463223685120", "author_id": "12104642", "lang": "en", "entities": {"hashtags": [{"start": 7, "end": 19, "tag": "Coronavirus"}], "annotations": [{"start": 32, "end": 37, "probability": 0.9145, "type": "Place", "normalized_text": "Kerala"}]}, "text": "Latest #Coronavirus update from Kerala - 3 Feb\n\nCum. number of passengers from china under observation- 2421\n\nCum. number of asymptomatic passengers under home isolation- 2321\nCum. no of symptomatic passengers hospitalised-100\n\nNo of symptomatic passengers hospitalised TODAY- 25"}