{"conversation_id": "1224516253143797760", "lang": "en", "id": "1224519714690387968", "text": "Who is most at risk?\n\nIn the 2002-2003 SARS outbreak, 8,422 people were infected and there were 916 deaths worldwide. The overall death rate for infected people was 11%. But for infected people 24 and younger, the death rate was just 1%, while\u00a0for those aged 65+ it was 55%.", "source": "Twitter for Android", "author_id": "3021859326", "created_at": "2020-02-04T02:27:05.000Z", "in_reply_to_user_id": "3021859326"}