{"lang": "en", "entities": {"urls": [{"start": 291, "end": 314, "url": "https://t.co/mXEELj1YPO", "expanded_url": "https://twitter.com/WHOPhilippines/status/1224626371063738369/photo/1", "display_url": "pic.twitter.com/mXEELj1YPO"}], "hashtags": [{"start": 81, "end": 93, "tag": "coronavirus"}], "mentions": [{"start": 0, "end": 4, "username": "WHO", "id": "14499829"}, {"start": 5, "end": 13, "username": "WHOWPRO", "id": "3794682452"}]}, "source": "Twitter Web App", "author_id": "2218026914", "in_reply_to_user_id": "2218026914", "conversation_id": "1222505592595480576", "text": "@WHO @WHOWPRO @DOHgov Q: Can eating garlic \ud83e\uddc4 help prevent infection with the new #coronavirus?\n\nA: Garlic is a healthy food that may have some antimicrobial properties. However, there is no evidence from the current outbreak that eating garlic has protected people from the new coronavirus. https://t.co/mXEELj1YPO", "created_at": "2020-02-04T09:30:53.000Z", "id": "1224626371063738369"}