{"text": "@WHO @WHOWPRO @WHOSEARO @WHO_Europe @pahowho @WHOEMRO @WHOAFRO #TAIWAN should be included #IN WHO\ud83c\uddf9\ud83c\uddfc\ud83c\uddfa\ud83c\uddf3\n\n\ud83c\udfe5\ud83d\udc4dTaiwan has ADVANCED MEDICAL tech and standards. \n\nWe got the WHO info in the first time, we HELP the world SOONER. \n\ud83c\uddf9\ud83c\uddfc\ud83e\udd1d\ud83c\udf0e\n\nChina\u2019s lie &amp; bully may be a tragedy of the world \ud83c\udde8\ud83c\uddf3\ud83e\udda0\ud83c\udf0e https://t.co/Xxxb7lBTsQ", "entities": {"hashtags": [{"start": 63, "end": 70, "tag": "TAIWAN"}, {"start": 90, "end": 93, "tag": "IN"}], "mentions": [{"start": 0, "end": 4, "username": "WHO", "id": "14499829"}, {"start": 5, "end": 13, "username": "WHOWPRO", "id": "3794682452"}, {"start": 14, "end": 23, "username": "WHOSEARO", "id": "1545915336"}, {"start": 24, "end": 35, "username": "WHO_Europe", "id": "125403342"}, {"start": 36, "end": 44, "username": "pahowho", "id": "20629893"}, {"start": 45, "end": 53, "username": "WHOEMRO", "id": "259372802"}, {"start": 54, "end": 62, "username": "WHOAFRO", "id": "544389588"}], "annotations": [{"start": 111, "end": 116, "probability": 0.8986, "type": "Place", "normalized_text": "Taiwan"}, {"start": 237, "end": 241, "probability": 0.9242, "type": "Place", "normalized_text": "China"}], "urls": [{"start": 286, "end": 309, "url": "https://t.co/Xxxb7lBTsQ", "expanded_url": "https://twitter.com/AssassinTWN/status/1224047507212124160/photo/1", "display_url": "pic.twitter.com/Xxxb7lBTsQ"}]}, "lang": "en", "id": "1224047507212124160", "source": "Twitter for iPhone", "conversation_id": "1221800661039419398", "created_at": "2020-02-02T19:10:42.000Z", "author_id": "608004254", "in_reply_to_user_id": "14499829", "geo": {"place_id": "00dcc81a0ec32f15"}}