{"lang": "en", "entities": {"urls": [{"start": 232, "end": 255, "url": "https://t.co/rHDw2CbZcH", "expanded_url": "http://bit.ly/370oKOZ", "display_url": "bit.ly/370oKOZ"}, {"start": 256, "end": 279, "url": "https://t.co/7avqhIWyWy", "expanded_url": "https://twitter.com/WHOPhilippines/status/1224631255620149250/photo/1", "display_url": "pic.twitter.com/7avqhIWyWy"}], "hashtags": [{"start": 88, "end": 100, "tag": "coronavirus"}], "mentions": [{"start": 0, "end": 4, "username": "WHO", "id": "14499829"}, {"start": 5, "end": 13, "username": "WHOWPRO", "id": "3794682452"}]}, "source": "Twitter Web App", "author_id": "2218026914", "in_reply_to_user_id": "2218026914", "conversation_id": "1222505592595480576", "text": "@WHO @WHOWPRO @DOHgov Q: Can gargling mouthwash protect you from infection with the new #coronavirus?\n\nA: No. There is no evidence that using mouthwash will protect you from infection with the new coronavirus.\n\nMore myth busters \ud83d\udc49\ud83c\udffd https://t.co/rHDw2CbZcH https://t.co/7avqhIWyWy", "created_at": "2020-02-04T09:50:18.000Z", "id": "1224631255620149250"}