{"entities": {"mentions": [{"start": 0, "end": 8, "username": "WHOWPRO", "id": "3794682452"}, {"start": 9, "end": 18, "username": "WHOSEARO", "id": "1545915336"}, {"start": 19, "end": 27, "username": "pahowho", "id": "20629893"}, {"start": 28, "end": 39, "username": "WHO_Europe", "id": "125403342"}, {"start": 40, "end": 48, "username": "WHOEMRO", "id": "259372802"}, {"start": 49, "end": 57, "username": "WHOAFRO", "id": "544389588"}], "urls": [{"start": 94, "end": 117, "url": "https://t.co/j6HsqP9iJb", "expanded_url": "http://bit.ly/2019nCoV-FAQ", "display_url": "bit.ly/2019nCoV-FAQ"}, {"start": 118, "end": 141, "url": "https://t.co/dVqRhnKIxH", "expanded_url": "https://twitter.com/WHO/status/1224694142233694208/photo/1", "display_url": "pic.twitter.com/dVqRhnKIxH"}], "hashtags": [{"start": 79, "end": 88, "tag": "2019nCoV"}]}, "created_at": "2020-02-04T14:00:11.000Z", "text": "@WHOWPRO @WHOSEARO @pahowho @WHO_Europe @WHOEMRO @WHOAFRO Q: Who can catch the #2019nCoV? \nA: https://t.co/j6HsqP9iJb https://t.co/dVqRhnKIxH", "id": "1224694142233694208", "in_reply_to_user_id": "14499829", "lang": "en", "source": "Twitter Web App", "conversation_id": "1224688621820792833", "author_id": "14499829"}