{"created_at": "2020-02-03T12:43:54.000Z", "text": "Do vaccines against pneumonia protect you against #coronaviruse  #2019nCoV? https://t.co/RROpxQqCD3", "entities": {"urls": [{"start": 76, "end": 99, "url": "https://t.co/RROpxQqCD3", "expanded_url": "https://twitter.com/IFRC_MENA/status/1224312553960017920/photo/1", "display_url": "pic.twitter.com/RROpxQqCD3"}], "hashtags": [{"start": 50, "end": 63, "tag": "coronaviruse"}, {"start": 65, "end": 74, "tag": "2019nCoV"}]}, "in_reply_to_user_id": "3065500501", "conversation_id": "1224292204614692864", "lang": "en", "id": "1224312553960017920", "author_id": "3065500501", "source": "Twitter Web App"}