{"entities": {"mentions": [{"start": 0, "end": 4, "username": "WHO", "id": "14499829"}, {"start": 5, "end": 13, "username": "WHOWPRO", "id": "3794682452"}, {"start": 14, "end": 23, "username": "WHOSEARO", "id": "1545915336"}, {"start": 24, "end": 35, "username": "WHO_Europe", "id": "125403342"}, {"start": 36, "end": 44, "username": "pahowho", "id": "20629893"}, {"start": 45, "end": 53, "username": "WHOEMRO", "id": "259372802"}, {"start": 54, "end": 62, "username": "WHOAFRO", "id": "544389588"}]}, "source": "Twitter for iPhone", "created_at": "2020-02-02T17:08:47.000Z", "text": "@WHO @WHOWPRO @WHOSEARO @WHO_Europe @pahowho @WHOEMRO @WHOAFRO No, but if it\u2019s not sterilized it can transmit brain-eating amoebae \ud83e\udda0 \ud83e\udde0 \ud83d\ude0b", "in_reply_to_user_id": "14499829", "lang": "en", "author_id": "4836253914", "id": "1224016826926940161", "conversation_id": "1221800661039419398"}