{"source": "Twitter Web App", "in_reply_to_user_id": "12104642", "entities": {"urls": [{"start": 307, "end": 330, "url": "https://t.co/3F9KuVHKUC", "expanded_url": "https://www.thehindubusinessline.com/news/coronavirus-quarantined-but-far-from-safe/article30728271.ece", "display_url": "thehindubusinessline.com/news/coronavir\u2026"}], "mentions": [{"start": 0, "end": 10, "username": "Telegraph", "id": "16343974"}, {"start": 11, "end": 27, "username": "nikhilnarayanan", "id": "9404762"}, {"start": 28, "end": 41, "username": "timesofindia", "id": "134758540"}, {"start": 42, "end": 50, "username": "moayush", "id": "2650295678"}, {"start": 60, "end": 69, "username": "dawalelo", "id": "77520998"}], "hashtags": [{"start": 261, "end": 273, "tag": "Coronavirus"}], "annotations": [{"start": 101, "end": 107, "probability": 0.761, "type": "Place", "normalized_text": "Manesar"}, {"start": 243, "end": 247, "probability": 0.4851, "type": "Place", "normalized_text": "Wuhan"}]}, "conversation_id": "1222892171432316928", "created_at": "2020-02-04T10:23:49.000Z", "id": "1224639691942584321", "author_id": "12104642", "lang": "en", "text": "@Telegraph @nikhilnarayanan @timesofindia @moayush Story by @dawalelo on the students quarantined in Manesar. Shortage of water, unhygienic conditions...\n\n\u201cThose suspect cases were taken out in front of us. We should ideally be separated from Wuhan students,\u201d\n\n#Coronavirus: Quarantined, but far from safe  https://t.co/3F9KuVHKUC"}