{"entities": {"annotations": [{"start": 41, "end": 45, "probability": 0.5024, "type": "Place", "normalized_text": "china"}], "mentions": [{"start": 0, "end": 13, "username": "KKMPutrajaya", "id": "531041640"}, {"start": 14, "end": 18, "username": "WHO", "id": "14499829"}]}, "lang": "en", "author_id": "280338300", "source": "Twitter for Android", "in_reply_to_user_id": "531041640", "id": "1224358793615593472", "created_at": "2020-02-03T15:47:38.000Z", "text": "@KKMPutrajaya @WHO how about vegetables (china)? \ud83d\ude29", "conversation_id": "1224013330781655040"}