{"created_at": "2020-02-03T04:00:51.000Z", "text": "Suspected: 21558\nConfirmed: 17238\nIn serious conditions: 2296\nDeaths: 361\nRecovered: 477\n\n#coronavirus https://t.co/GbJVxuSk6x", "entities": {"urls": [{"start": 103, "end": 126, "url": "https://t.co/GbJVxuSk6x", "expanded_url": "https://twitter.com/OzgurTufekci/status/1224180923933085696/photo/1", "display_url": "pic.twitter.com/GbJVxuSk6x"}], "hashtags": [{"start": 90, "end": 102, "tag": "coronavirus"}]}, "in_reply_to_user_id": "326631858", "conversation_id": "1222219972086239232", "lang": "en", "id": "1224180923933085696", "author_id": "326631858", "source": "Twitter for iPhone"}