{"text": "@WHO @WHOWPRO @WHOSEARO @WHO_Europe @pahowho @WHOEMRO @WHOAFRO If this #coronavirus haven't any vaccine then how  can a victim totally recovered only treating the symptoms like flue, fever etc? It means the virus remains as it is only its damages recovered???", "entities": {"hashtags": [{"start": 71, "end": 83, "tag": "coronavirus"}], "mentions": [{"start": 0, "end": 4, "username": "WHO", "id": "14499829"}, {"start": 5, "end": 13, "username": "WHOWPRO", "id": "3794682452"}, {"start": 14, "end": 23, "username": "WHOSEARO", "id": "1545915336"}, {"start": 24, "end": 35, "username": "WHO_Europe", "id": "125403342"}, {"start": 36, "end": 44, "username": "pahowho", "id": "20629893"}, {"start": 45, "end": 53, "username": "WHOEMRO", "id": "259372802"}, {"start": 54, "end": 62, "username": "WHOAFRO", "id": "544389588"}]}, "lang": "en", "id": "1224161576934170624", "source": "Twitter for Android", "conversation_id": "1221800661039419398", "created_at": "2020-02-03T02:43:58.000Z", "author_id": "1197840989706227712", "in_reply_to_user_id": "14499829"}