{"entities": {"urls": [{"start": 251, "end": 274, "url": "https://t.co/lnEnflPV7A", "expanded_url": "http://bit.ly/2SeUcDV", "display_url": "bit.ly/2SeUcDV"}, {"start": 275, "end": 298, "url": "https://t.co/Jw56cuE4Jw", "expanded_url": "https://twitter.com/Echinanews/status/1224326352410562561/photo/1", "display_url": "pic.twitter.com/Jw56cuE4Jw"}, {"start": 275, "end": 298, "url": "https://t.co/Jw56cuE4Jw", "expanded_url": "https://twitter.com/Echinanews/status/1224326352410562561/photo/1", "display_url": "pic.twitter.com/Jw56cuE4Jw"}, {"start": 275, "end": 298, "url": "https://t.co/Jw56cuE4Jw", "expanded_url": "https://twitter.com/Echinanews/status/1224326352410562561/photo/1", "display_url": "pic.twitter.com/Jw56cuE4Jw"}, {"start": 275, "end": 298, "url": "https://t.co/Jw56cuE4Jw", "expanded_url": "https://twitter.com/Echinanews/status/1224326352410562561/photo/1", "display_url": "pic.twitter.com/Jw56cuE4Jw"}], "mentions": [{"start": 193, "end": 197, "username": "WHO", "id": "14499829"}], "hashtags": [{"start": 88, "end": 100, "tag": "coronavirus"}, {"start": 134, "end": 144, "tag": "pneumonia"}, {"start": 238, "end": 247, "tag": "nCoV2019"}], "annotations": [{"start": 49, "end": 53, "probability": 0.9827, "type": "Place", "normalized_text": "China"}]}, "conversation_id": "1224326352410562561", "created_at": "2020-02-03T13:38:43.000Z", "lang": "en", "source": "Twitter Web App", "id": "1224326352410562561", "text": "Is it safe to receive a letter or a package from China? Can pets at home spread the new #coronavirus (2019-nCoV)? Do vaccines against #pneumonia protect you against the new coronavirus? ...... @WHO answers what concern you most about the #nCoV2019. \ud83d\udc47 https://t.co/lnEnflPV7A https://t.co/Jw56cuE4Jw", "author_id": "338736117"}