{"created_at": "2020-02-03T01:05:54.000Z", "text": "Q: Are antibiotics effective in preventing and treating the new #coronavirus (2019-nCoV)?\n\nA: No, antibiotics do not work against viruses, only bacteria.\nThe 2019-nC0V is a virus and, therefore, antibiotics should\u00a0 not be used as a means of prevention or treatment. -@WHO https://t.co/2Ol1Dv2MrO", "entities": {"mentions": [{"start": 267, "end": 271, "username": "WHO", "id": "14499829"}], "urls": [{"start": 272, "end": 295, "url": "https://t.co/2Ol1Dv2MrO", "expanded_url": "https://twitter.com/KKMPutrajaya/status/1224136896248307714/photo/1", "display_url": "pic.twitter.com/2Ol1Dv2MrO"}], "hashtags": [{"start": 64, "end": 76, "tag": "coronavirus"}]}, "conversation_id": "1224136896248307714", "lang": "en", "id": "1224136896248307714", "author_id": "531041640", "source": "Twitter for Android"}