{"entities": {"mentions": [{"start": 0, "end": 4, "username": "WHO", "id": "14499829"}, {"start": 5, "end": 13, "username": "WHOWPRO", "id": "3794682452"}, {"start": 14, "end": 23, "username": "WHOSEARO", "id": "1545915336"}, {"start": 24, "end": 35, "username": "WHO_Europe", "id": "125403342"}, {"start": 36, "end": 44, "username": "pahowho", "id": "20629893"}, {"start": 45, "end": 53, "username": "WHOEMRO", "id": "259372802"}, {"start": 54, "end": 62, "username": "WHOAFRO", "id": "544389588"}], "annotations": [{"start": 86, "end": 94, "probability": 0.9776, "type": "Place", "normalized_text": "Australia"}, {"start": 104, "end": 108, "probability": 0.9331, "type": "Place", "normalized_text": "China"}, {"start": 246, "end": 277, "probability": 0.5055, "type": "Person", "normalized_text": "Saint Rampal Ji. Saint Rampal Ji"}], "urls": [{"start": 311, "end": 334, "url": "https://t.co/1qc2hcZmuH", "expanded_url": "http://jagatgururampalji.org", "display_url": "jagatgururampalji.org"}, {"start": 335, "end": 358, "url": "https://t.co/SihlPsjzGm", "expanded_url": "https://twitter.com/GhanshyamDahal5/status/1224168161492103169/photo/1", "display_url": "pic.twitter.com/SihlPsjzGm"}]}, "source": "Twitter for Android", "created_at": "2020-02-03T03:10:08.000Z", "text": "@WHO @WHOWPRO @WHOSEARO @WHO_Europe @pahowho @WHOEMRO @WHOAFRO Science could not stop Australia's fire.\nChina is now unable to stop the corona virus.  Disaster can be averted only by spiritual knowledge. Must know the true spiritual knowledge of Saint Rampal Ji. Saint Rampal Ji can only bring peace...\n\ud83d\udc47 Visit\nhttps://t.co/1qc2hcZmuH https://t.co/SihlPsjzGm", "in_reply_to_user_id": "14499829", "lang": "en", "author_id": "1173434017221201925", "id": "1224168161492103169", "geo": {"place_id": "2c7307a0ca152adb"}, "conversation_id": "1221800661039419398"}