{"conversation_id": "1224516253143797760", "lang": "en", "id": "1224521601208598529", "text": "The World Health Organization recommends taking the following precautions:\n\n1. Frequently clean hands by using alcohol-based hand rub or soap and water", "entities": {"annotations": [{"start": 0, "end": 28, "probability": 0.3885, "type": "Organization", "normalized_text": "The World Health Organization"}]}, "source": "Twitter for Android", "author_id": "3021859326", "created_at": "2020-02-04T02:34:34.000Z", "in_reply_to_user_id": "3021859326"}