{"entities": {"urls": [{"start": 39, "end": 62, "url": "https://t.co/i0AlUFzs6X", "expanded_url": "http://bit.ly/2019nCoV-FAQ", "display_url": "bit.ly/2019nCoV-FAQ"}, {"start": 77, "end": 100, "url": "https://t.co/8Ko4P7GGvg", "expanded_url": "https://twitter.com/WHOWPRO/status/1224903899447881728/photo/1", "display_url": "pic.twitter.com/8Ko4P7GGvg"}], "hashtags": [{"start": 24, "end": 33, "tag": "2019nCoV"}, {"start": 64, "end": 76, "tag": "coronavirus"}]}, "conversation_id": "1224903899447881728", "created_at": "2020-02-05T03:53:41.000Z", "lang": "en", "source": "Twitter Web App", "id": "1224903899447881728", "text": "Q: How dangerous is the #2019nCoV? \nA: https://t.co/i0AlUFzs6X\n\n#coronavirus https://t.co/8Ko4P7GGvg", "author_id": "3794682452"}