{"source": "Twitter Web Client", "created_at": "2020-02-02T16:55:42.000Z", "author_id": "972654691434692609", "conversation_id": "1224010408140386304", "id": "1224013534134140930", "text": "@emcleans @WHO There are no vaccines available.\n\nThe following protease inhibitors are being tested as antiviral drug treatments:\n\n\u2022 Remdesivir\n\u2022 Lopinavir\n\u2022 Ritonavir\n\u2022 Oseltamivir", "entities": {"mentions": [{"start": 0, "end": 9, "username": "emcleans", "id": "1339896786"}, {"start": 10, "end": 14, "username": "WHO", "id": "14499829"}]}, "in_reply_to_user_id": "1339896786", "lang": "en"}