{"id": "1224407352658579456", "text": "@WHOWPRO @WHOPhilippines @WHO_Mongolia @takeshi_kasai @DOHgov @KKMPutrajaya @KoreaCDC @WHOKobe @AMRCRC_JAPAN @MHLWitter @jameschau @minhealthnz @MoHFW_INDIA @minhealthci @sporeMOH @loyingru @SonjaTanevska @DrRasul_WHO @WHO @healthgovau @fijiconsulate @Fiji_MOFA @samoagovt @dfat @NHPINDIA @mohwpr @MITTFJ and against flu?", "author_id": "101057392", "conversation_id": "1220148747797024768", "lang": "en", "entities": {"mentions": [{"start": 0, "end": 8, "username": "WHOWPRO", "id": "3794682452"}, {"start": 9, "end": 24, "username": "WHOPhilippines", "id": "2218026914"}, {"start": 39, "end": 53, "username": "takeshi_kasai", "id": "918829268372635648"}, {"start": 62, "end": 75, "username": "KKMPutrajaya", "id": "531041640"}, {"start": 86, "end": 94, "username": "WHOKobe", "id": "538804810"}, {"start": 95, "end": 108, "username": "AMRCRC_JAPAN", "id": "855223341581336576"}, {"start": 109, "end": 119, "username": "MHLWitter", "id": "180585090"}, {"start": 120, "end": 130, "username": "jameschau", "id": "20897050"}, {"start": 131, "end": 143, "username": "minhealthnz", "id": "46540286"}, {"start": 144, "end": 156, "username": "MoHFW_INDIA", "id": "2596143056"}, {"start": 157, "end": 169, "username": "minhealthci", "id": "898336321906671616"}, {"start": 170, "end": 179, "username": "sporeMOH", "id": "78772642"}, {"start": 180, "end": 189, "username": "loyingru", "id": "2776334448"}, {"start": 190, "end": 204, "username": "SonjaTanevska", "id": "280490935"}, {"start": 205, "end": 217, "username": "DrRasul_WHO", "id": "353244164"}, {"start": 218, "end": 222, "username": "WHO", "id": "14499829"}, {"start": 223, "end": 235, "username": "healthgovau", "id": "125215990"}, {"start": 251, "end": 261, "username": "Fiji_MOFA", "id": "1071536989197881344"}, {"start": 262, "end": 272, "username": "samoagovt", "id": "1016451774"}, {"start": 273, "end": 278, "username": "dfat", "id": "273730280"}, {"start": 279, "end": 288, "username": "NHPINDIA", "id": "1497890814"}, {"start": 289, "end": 296, "username": "mohwpr", "id": "90584054"}]}, "source": "Twitter for Android", "in_reply_to_user_id": "3794682452", "created_at": "2020-02-03T19:00:35.000Z"}