{"conversation_id": "1224326352410562561", "created_at": "2020-02-03T15:46:38.000Z", "lang": "en", "entities": {"mentions": [{"start": 0, "end": 9, "username": "yvagaart", "id": "721879671093256194"}, {"start": 10, "end": 21, "username": "Echinanews", "id": "338736117"}, {"start": 22, "end": 26, "username": "WHO", "id": "14499829"}], "hashtags": [{"start": 63, "end": 83, "tag": "CoronavirusOutbreak"}]}, "source": "Twitter Web App", "id": "1224358542188187659", "text": "@yvagaart @Echinanews @WHO yes - weather is not a deterrent to #CoronavirusOutbreak", "author_id": "723319704710844417", "in_reply_to_user_id": "721879671093256194"}