{"source": "Twitter for iPhone", "conversation_id": "1224688621820792833", "created_at": "2020-02-04T19:35:33.000Z", "id": "1224778537758052355", "entities": {"hashtags": [{"start": 11, "end": 20, "tag": "2019nCoV"}], "urls": [{"start": 62, "end": 85, "url": "https://t.co/j6HsqP9iJb", "expanded_url": "http://bit.ly/2019nCoV-FAQ", "display_url": "bit.ly/2019nCoV-FAQ", "images": [{"url": "https://pbs.twimg.com/news_img/1509683460473982996/tgQ5BGXh?format=jpg&name=orig", "width": 1200, "height": 796}, {"url": "https://pbs.twimg.com/news_img/1509683460473982996/tgQ5BGXh?format=jpg&name=150x150", "width": 150, "height": 150}], "status": 200, "title": "Coronavirus disease (COVID-19)", "description": "Latest update 13 May 2021 - WHO is continuously monitoring and responding to this pandemic. This Q&A will be updated as more is known about COVID-19, how it spreads and how it is affecting people worldwide. For more information, regularly check the WHO coronavirus pages. https://www.who.int/covid-19", "unwound_url": "https://www.who.int/emergencies/diseases/novel-coronavirus-2019/question-and-answers-hub/q-a-detail/coronavirus-disease-covid-19"}, {"start": 86, "end": 109, "url": "https://t.co/r0Ls9mdOOs", "expanded_url": "https://twitter.com/WHO/status/1224778537758052355/photo/1", "display_url": "pic.twitter.com/r0Ls9mdOOs"}]}, "author_id": "14499829", "in_reply_to_user_id": "14499829", "lang": "en", "text": "Q: Can the #2019nCoV be transmitted from person to person?\nA: https://t.co/j6HsqP9iJb https://t.co/r0Ls9mdOOs"}