{"entities": {"hashtags": [{"start": 0, "end": 5, "tag": "FAQs"}, {"start": 9, "end": 21, "tag": "coronavrius"}, {"start": 100, "end": 112, "tag": "coronavrius"}, {"start": 116, "end": 125, "tag": "nCov2019"}, {"start": 127, "end": 147, "tag": "CoronavirusOutbreak"}], "urls": [{"start": 148, "end": 171, "url": "https://t.co/TMXe9s814J", "expanded_url": "https://twitter.com/WHONigeria/status/1224214663010930690/photo/1", "display_url": "pic.twitter.com/TMXe9s814J"}]}, "author_id": "846724193345527808", "lang": "en", "source": "Twitter Web App", "text": "#FAQs on #coronavrius: \nCan regular rinsing of nose with saline help prevent infection with the new #coronavrius? \n\n#nCov2019 \n#CoronavirusOutbreak https://t.co/TMXe9s814J", "created_at": "2020-02-03T06:14:55.000Z", "id": "1224214663010930690", "in_reply_to_user_id": "846724193345527808", "conversation_id": "1224214648750247936"}