{"id": "1225412333549314048", "text": "@Gupta_Calling Hey vnmaster, the thread from @WHO is compiled now. You can read it here: https://t.co/J2ArTCDTdX #2019nCoV #mask", "author_id": "900271822465380352", "conversation_id": "1224688621820792833", "lang": "en", "entities": {"mentions": [{"start": 0, "end": 14, "username": "Gupta_Calling", "id": "2922234899"}, {"start": 45, "end": 49, "username": "WHO", "id": "14499829"}], "urls": [{"start": 89, "end": 112, "url": "https://t.co/J2ArTCDTdX", "expanded_url": "https://threader.app/thread/1224688621820792833", "display_url": "threader.app/thread/1224688\u2026"}], "hashtags": [{"start": 113, "end": 122, "tag": "2019nCoV"}, {"start": 123, "end": 128, "tag": "mask"}]}, "source": "Threader_client", "in_reply_to_user_id": "2922234899", "created_at": "2020-02-06T13:34:02.000Z"}