{"created_at": "2020-02-05T15:41:11.000Z", "text": "Suspected: 24434\nConfirmed: 23260\nIn serious conditions: 3219\nDeaths: 493\nRecovered: 1019\n\n#coronavirus https://t.co/C4etcRONtR", "entities": {"urls": [{"start": 104, "end": 127, "url": "https://t.co/C4etcRONtR", "expanded_url": "https://twitter.com/OzgurTufekci/status/1225081946658824193/photo/1", "display_url": "pic.twitter.com/C4etcRONtR"}], "hashtags": [{"start": 91, "end": 103, "tag": "coronavirus"}]}, "in_reply_to_user_id": "326631858", "conversation_id": "1222219972086239232", "lang": "en", "id": "1225081946658824193", "author_id": "326631858", "source": "Twitter for iPhone"}