{"author_id": "274357219", "in_reply_to_user_id": "14499829", "text": "@WHO @karmanomad @WHOWPRO @WHOSEARO @WHO_Europe @pahowho @WHOEMRO @WHOAFRO Interesting wording: \"The people who have symptoms are causing the majority of the spread\". \"Causing\" implies intention.  A person who is feeling ill isn't intentionally causing a bunch of other people to become ill.  It just happens that the disease is more likely to spread.", "source": "Twitter Web App", "conversation_id": "1224688621820792833", "created_at": "2020-02-05T12:48:11.000Z", "entities": {"mentions": [{"start": 0, "end": 4, "username": "WHO", "id": "14499829"}, {"start": 5, "end": 16, "username": "karmanomad", "id": "29183527"}, {"start": 17, "end": 25, "username": "WHOWPRO", "id": "3794682452"}, {"start": 26, "end": 35, "username": "WHOSEARO", "id": "1545915336"}, {"start": 36, "end": 47, "username": "WHO_Europe", "id": "125403342"}, {"start": 48, "end": 56, "username": "pahowho", "id": "20629893"}, {"start": 57, "end": 65, "username": "WHOEMRO", "id": "259372802"}, {"start": 66, "end": 74, "username": "WHOAFRO", "id": "544389588"}]}, "lang": "en", "id": "1225038407207809024"}