{"author_id": "259372802", "source": "Twitter Web Client", "entities": {"hashtags": [{"start": 123, "end": 132, "tag": "2019nCoV"}, {"start": 135, "end": 148, "tag": "KnowTheFacts"}], "urls": [{"start": 149, "end": 172, "url": "https://t.co/L0fpsNO2e2", "expanded_url": "https://twitter.com/WHOEMRO/status/1225798618252283905/photo/1", "display_url": "pic.twitter.com/L0fpsNO2e2"}]}, "text": "Q: Does putting on or eating sesame oil block the new coronavirus from entering the body?\n\nA: No. Sesame oil does not kill #2019nCoV.\n\n#KnowTheFacts https://t.co/L0fpsNO2e2", "lang": "en", "id": "1225798618252283905", "created_at": "2020-02-07T15:08:59.000Z", "in_reply_to_user_id": "259372802", "conversation_id": "1225783964893315072"}