{"entities": {"hashtags": [{"start": 53, "end": 65, "tag": "MythBusters"}, {"start": 66, "end": 78, "tag": "Coronavirus"}], "urls": [{"start": 172, "end": 195, "url": "https://t.co/HDmQL4xfY1", "expanded_url": "https://twitter.com/ndmaindia/status/1225419875977289728/photo/1", "display_url": "pic.twitter.com/HDmQL4xfY1"}], "mentions": [{"start": 167, "end": 171, "username": "WHO", "id": "14499829"}]}, "author_id": "2611134289", "lang": "en", "source": "TweetDeck", "text": "Novel Coronavirus (2019-nCoV) advice for the public: #MythBusters #Coronavirus\n\nAre there any specific medicines to prevent or treat the new coronavirus?\n\nCourtsey - \n@WHO https://t.co/HDmQL4xfY1", "created_at": "2020-02-06T14:04:00.000Z", "id": "1225419875977289728", "conversation_id": "1225419875977289728"}