{"source": "Twitter Web App", "in_reply_to_user_id": "2611134289", "conversation_id": "1225751310013796355", "created_at": "2020-02-07T12:04:48.000Z", "entities": {"mentions": [{"start": 0, "end": 10, "username": "ndmaindia", "id": "2611134289"}, {"start": 11, "end": 15, "username": "WHO", "id": "14499829"}]}, "id": "1225752267439034368", "author_id": "343474323", "lang": "en", "text": "@ndmaindia @WHO Please provide translations in all Indian languages. \nVirus is not going to infect just English speaking people"}