{"geo": {"place_id": "000c69ad123213a8"}, "created_at": "2020-02-07T07:47:32.000Z", "text": "Can eating garlic help prevent infection with the new #coronavirus? https://t.co/xsIdt1vMk2", "id": "1225687522346291213", "entities": {"urls": [{"start": 68, "end": 91, "url": "https://t.co/xsIdt1vMk2", "expanded_url": "https://twitter.com/WHOUganda/status/1225687522346291213/photo/1", "display_url": "pic.twitter.com/xsIdt1vMk2"}], "hashtags": [{"start": 54, "end": 66, "tag": "coronavirus"}]}, "in_reply_to_user_id": "2599562040", "lang": "en", "source": "Twitter for iPhone", "conversation_id": "1225687455317151744", "author_id": "2599562040"}