{"id": "1225416862831435776", "text": "@WHO @WHOWPRO @WHOSEARO @WHO_Europe @pahowho @WHOEMRO @WHOAFRO Yes, wear an N95 mask, especially when on planes and in cities.", "author_id": "2810844927", "conversation_id": "1224688621820792833", "lang": "en", "entities": {"annotations": [{"start": 76, "end": 83, "probability": 0.4164, "type": "Product", "normalized_text": "N95 mask"}], "mentions": [{"start": 0, "end": 4, "username": "WHO", "id": "14499829"}, {"start": 5, "end": 13, "username": "WHOWPRO", "id": "3794682452"}, {"start": 14, "end": 23, "username": "WHOSEARO", "id": "1545915336"}, {"start": 24, "end": 35, "username": "WHO_Europe", "id": "125403342"}, {"start": 36, "end": 44, "username": "pahowho", "id": "20629893"}, {"start": 45, "end": 53, "username": "WHOEMRO", "id": "259372802"}, {"start": 54, "end": 62, "username": "WHOAFRO", "id": "544389588"}]}, "source": "Twitter for iPhone", "in_reply_to_user_id": "14499829", "created_at": "2020-02-06T13:52:01.000Z"}