{"entities": {"mentions": [{"start": 0, "end": 8, "username": "WHOEMRO", "id": "259372802"}, {"start": 9, "end": 22, "username": "mosyo_hemrox", "id": "3389864973"}, {"start": 23, "end": 33, "username": "WHOJordan", "id": "931668301"}, {"start": 34, "end": 46, "username": "WHOPakistan", "id": "940836710216273920"}, {"start": 47, "end": 58, "username": "UNICEFmena", "id": "67080108"}, {"start": 59, "end": 73, "username": "WHOOmanOffice", "id": "932563216571535361"}, {"start": 74, "end": 89, "username": "WHOAfghanistan", "id": "434738008"}, {"start": 90, "end": 101, "username": "WHOLebanon", "id": "2394143648"}, {"start": 102, "end": 114, "username": "WHODjibouti", "id": "1198928880750530561"}, {"start": 115, "end": 122, "username": "WHOoPt", "id": "945684223"}, {"start": 123, "end": 131, "username": "WHOIraq", "id": "982219486248910849"}, {"start": 132, "end": 141, "username": "WHOSyria", "id": "970996677061509121"}]}, "author_id": "931586970328948736", "source": "Twitter for Android", "text": "@WHOEMRO @mosyo_hemrox @WHOJordan @WHOPakistan @UNICEFmena @WHOOmanOffice @WHOAfghanistan @WHOLebanon @WHODjibouti @WHOoPt @WHOIraq @WHOSyria Yemeyeceksin, \u00fcst\u00fcne s\u00fcreceksin. Kimse yan\u0131na yakla\u015fmayacak. Enfeksiyon tabii ki bula\u015fmaz.\ud83d\ude09", "lang": "tr", "id": "1225861402121965569", "created_at": "2020-02-07T19:18:28.000Z", "in_reply_to_user_id": "259372802", "conversation_id": "1225783964893315072"}