{"entities": {"urls": [{"start": 61, "end": 84, "url": "https://t.co/ZYP4yUk4Tx", "expanded_url": "http://change.org", "display_url": "change.org"}], "mentions": [{"start": 0, "end": 10, "username": "ndmaindia", "id": "2611134289"}, {"start": 11, "end": 15, "username": "WHO", "id": "14499829"}], "annotations": [{"start": 96, "end": 140, "probability": 0.8112, "type": "Organization", "normalized_text": "External Affairs Ministry and Health Ministry"}]}, "geo": {"place_id": "5c0761bdffa0cb64"}, "conversation_id": "1225703746174242816", "lang": "en", "id": "1225705453646159872", "text": "@ndmaindia @WHO Now a days one of petition has been filed by https://t.co/ZYP4yUk4Tx\nasking the\u00a0External Affairs Ministry and Health Ministry to splash health advisory ads in all national newspapers and on the radio. The ads should talk about symptoms to watch out for and steps to follow.", "source": "Twitter for Android", "author_id": "1081555990288494592", "created_at": "2020-02-07T08:58:47.000Z", "in_reply_to_user_id": "2611134289"}