{"geo": {"place_id": "000c69ad123213a8"}, "created_at": "2020-02-07T07:47:42.000Z", "text": "Are antibiotics effective in preventing and treating the new #coronavirus? https://t.co/RlmD9Yjvzp", "id": "1225687565266587648", "entities": {"urls": [{"start": 75, "end": 98, "url": "https://t.co/RlmD9Yjvzp", "expanded_url": "https://twitter.com/WHOUganda/status/1225687565266587648/photo/1", "display_url": "pic.twitter.com/RlmD9Yjvzp"}], "hashtags": [{"start": 61, "end": 73, "tag": "coronavirus"}]}, "in_reply_to_user_id": "2599562040", "lang": "en", "source": "Twitter for iPhone", "conversation_id": "1225687455317151744", "author_id": "2599562040"}