{"author_id": "1004448248189411330", "in_reply_to_user_id": "14499829", "text": "@WHO @WHOWPRO @WHOSEARO @WHO_Europe @pahowho @WHOEMRO @WHOAFRO General Tedros Adhanom Ghebreyesus, Let Taiwan participate at the annual meeting!!! This is a global crisis jackass!!! You need to resign! You\u2019re a corrupt individual being paid off by China!", "source": "Twitter for iPhone", "entities": {"annotations": [{"start": 63, "end": 96, "probability": 0.3336, "type": "Person", "normalized_text": "General Tedros Adhanom Ghebreyesus"}, {"start": 103, "end": 108, "probability": 0.8596, "type": "Place", "normalized_text": "Taiwan"}, {"start": 248, "end": 252, "probability": 0.9599, "type": "Place", "normalized_text": "China"}], "mentions": [{"start": 0, "end": 4, "username": "WHO", "id": "14499829"}, {"start": 5, "end": 13, "username": "WHOWPRO", "id": "3794682452"}, {"start": 14, "end": 23, "username": "WHOSEARO", "id": "1545915336"}, {"start": 24, "end": 35, "username": "WHO_Europe", "id": "125403342"}, {"start": 36, "end": 44, "username": "pahowho", "id": "20629893"}, {"start": 45, "end": 53, "username": "WHOEMRO", "id": "259372802"}, {"start": 54, "end": 62, "username": "WHOAFRO", "id": "544389588"}]}, "conversation_id": "1224688621820792833", "created_at": "2020-02-05T13:51:54.000Z", "lang": "en", "id": "1225054443227504640"}