{"entities": {"hashtags": [{"start": 131, "end": 143, "tag": "Coronavirus"}], "urls": [{"start": 144, "end": 167, "url": "https://t.co/ZKG97Wrd5c", "expanded_url": "https://twitter.com/Netcare911_sa/status/1225248590777536517/photo/1", "display_url": "pic.twitter.com/ZKG97Wrd5c"}], "mentions": [{"start": 0, "end": 14, "username": "Netcare911_sa", "id": "2287857331"}, {"start": 41, "end": 55, "username": "Netcare911_sa", "id": "2287857331"}]}, "author_id": "446878997", "in_reply_to_user_id": "2287857331", "created_at": "2020-02-06T05:10:28.000Z", "id": "1225285609780076544", "text": "@Netcare911_sa ESSENTIAL Q&amp;A: MT&gt; @Netcare911_sa: Are antibiotics effective in preventing and treating the new coronavirus? #Coronavirus https://t.co/ZKG97Wrd5c", "source": "Plume\u00a0for\u00a0Android", "lang": "en", "conversation_id": "1225248590777536517"}