{"source": "Twitter Web App", "conversation_id": "1224688621820792833", "created_at": "2020-02-06T13:40:15.000Z", "id": "1225413900583260165", "entities": {"mentions": [{"start": 0, "end": 8, "username": "WHOWPRO", "id": "3794682452"}, {"start": 9, "end": 18, "username": "WHOSEARO", "id": "1545915336"}, {"start": 19, "end": 30, "username": "WHO_Europe", "id": "125403342"}, {"start": 31, "end": 39, "username": "pahowho", "id": "20629893"}, {"start": 40, "end": 48, "username": "WHOEMRO", "id": "259372802"}, {"start": 49, "end": 57, "username": "WHOAFRO", "id": "544389588"}], "hashtags": [{"start": 110, "end": 115, "tag": "mask"}, {"start": 145, "end": 154, "tag": "2019nCoV"}], "urls": [{"start": 120, "end": 143, "url": "https://t.co/j6HsqP9iJb", "expanded_url": "http://bit.ly/2019nCoV-FAQ", "display_url": "bit.ly/2019nCoV-FAQ", "images": [{"url": "https://pbs.twimg.com/news_img/1509683460473982996/tgQ5BGXh?format=jpg&name=orig", "width": 1200, "height": 796}, {"url": "https://pbs.twimg.com/news_img/1509683460473982996/tgQ5BGXh?format=jpg&name=150x150", "width": 150, "height": 150}], "status": 200, "title": "Coronavirus disease (COVID-19)", "description": "Latest update 13 May 2021 - WHO is continuously monitoring and responding to this pandemic. This Q&A will be updated as more is known about COVID-19, how it spreads and how it is affecting people worldwide. For more information, regularly check the WHO coronavirus pages. https://www.who.int/covid-19", "unwound_url": "https://www.who.int/emergencies/diseases/novel-coronavirus-2019/question-and-answers-hub/q-a-detail/coronavirus-disease-covid-19"}, {"start": 155, "end": 178, "url": "https://t.co/GZjzn6JSTY", "expanded_url": "https://twitter.com/WHO/status/1225413900583260165/video/1", "display_url": "pic.twitter.com/GZjzn6JSTY"}]}, "author_id": "14499829", "in_reply_to_user_id": "14499829", "lang": "en", "text": "@WHOWPRO @WHOSEARO @WHO_Europe @pahowho @WHOEMRO @WHOAFRO Q: What is the correct way to wear and dispose of a #mask?\nA: https://t.co/j6HsqP9iJb\n\n#2019nCoV https://t.co/GZjzn6JSTY"}