{"entities": {"hashtags": [{"start": 74, "end": 86, "tag": "Coronavirus"}], "urls": [{"start": 87, "end": 110, "url": "https://t.co/vn1arIGSqF", "expanded_url": "https://twitter.com/Netcare911_sa/status/1225248590777536517/photo/1", "display_url": "pic.twitter.com/vn1arIGSqF"}]}, "author_id": "2287857331", "created_at": "2020-02-06T02:43:22.000Z", "id": "1225248590777536517", "text": "Are antibiotics effective in preventing and treating the new coronavirus? #Coronavirus https://t.co/vn1arIGSqF", "source": "Twitter for Android", "lang": "en", "conversation_id": "1225248590777536517"}