{"geo": {"place_id": "000c69ad123213a8"}, "created_at": "2020-02-07T07:47:35.000Z", "text": "Does putting on sesame oil block the new #coronavirus from entering the body? https://t.co/2sO0U1oewd", "id": "1225687534962794502", "entities": {"urls": [{"start": 78, "end": 101, "url": "https://t.co/2sO0U1oewd", "expanded_url": "https://twitter.com/WHOUganda/status/1225687534962794502/photo/1", "display_url": "pic.twitter.com/2sO0U1oewd"}], "hashtags": [{"start": 41, "end": 53, "tag": "coronavirus"}]}, "in_reply_to_user_id": "2599562040", "lang": "en", "source": "Twitter for iPhone", "conversation_id": "1225687455317151744", "author_id": "2599562040"}