{"source": "Twitter Web App", "conversation_id": "1225471897116315652", "created_at": "2020-02-08T01:24:19.000Z", "id": "1225953472530399232", "entities": {"mentions": [{"start": 0, "end": 14, "username": "Swizzlestick8", "id": "749939365984350209"}, {"start": 15, "end": 29, "username": "coronavirusup", "id": "1223845496948588544"}]}, "author_id": "43477325", "in_reply_to_user_id": "749939365984350209", "lang": "en", "text": "@Swizzlestick8 @CoronaVirusUp How long does the virus survive on surfaces for? \ud83d\ude33"}