{"id": "1225411660971683841", "text": "@WHO @WHOWPRO @WHOSEARO @WHO_Europe @pahowho @WHOEMRO @WHOAFRO Thats a yes then? #coronavirus https://t.co/kUPjd1UbVk", "author_id": "2359256112", "conversation_id": "1224688621820792833", "lang": "en", "entities": {"mentions": [{"start": 0, "end": 4, "username": "WHO", "id": "14499829"}, {"start": 5, "end": 13, "username": "WHOWPRO", "id": "3794682452"}, {"start": 14, "end": 23, "username": "WHOSEARO", "id": "1545915336"}, {"start": 24, "end": 35, "username": "WHO_Europe", "id": "125403342"}, {"start": 36, "end": 44, "username": "pahowho", "id": "20629893"}, {"start": 45, "end": 53, "username": "WHOEMRO", "id": "259372802"}, {"start": 54, "end": 62, "username": "WHOAFRO", "id": "544389588"}], "urls": [{"start": 94, "end": 117, "url": "https://t.co/kUPjd1UbVk", "expanded_url": "https://twitter.com/TimTim081/status/1225411660971683841/photo/1", "display_url": "pic.twitter.com/kUPjd1UbVk"}, {"start": 94, "end": 117, "url": "https://t.co/kUPjd1UbVk", "expanded_url": "https://twitter.com/TimTim081/status/1225411660971683841/photo/1", "display_url": "pic.twitter.com/kUPjd1UbVk"}], "hashtags": [{"start": 81, "end": 93, "tag": "coronavirus"}]}, "source": "Twitter Web App", "in_reply_to_user_id": "14499829", "created_at": "2020-02-06T13:31:21.000Z"}