{"author_id": "1106694580886487040", "in_reply_to_user_id": "848365925980131332", "text": "@Lary_Punter @WHO @WHOWPRO @WHOSEARO @WHO_Europe @pahowho @WHOEMRO @WHOAFRO Exactly!", "source": "Twitter for Android", "conversation_id": "1224688621820792833", "created_at": "2020-02-05T16:48:00.000Z", "entities": {"mentions": [{"start": 0, "end": 12, "username": "Lary_Punter", "id": "848365925980131332"}, {"start": 13, "end": 17, "username": "WHO", "id": "14499829"}, {"start": 18, "end": 26, "username": "WHOWPRO", "id": "3794682452"}, {"start": 27, "end": 36, "username": "WHOSEARO", "id": "1545915336"}, {"start": 37, "end": 48, "username": "WHO_Europe", "id": "125403342"}, {"start": 49, "end": 57, "username": "pahowho", "id": "20629893"}, {"start": 58, "end": 66, "username": "WHOEMRO", "id": "259372802"}, {"start": 67, "end": 75, "username": "WHOAFRO", "id": "544389588"}]}, "lang": "en", "id": "1225098760914636801"}