{"id": "1225412590534152198", "text": "@WHO @WHOWPRO @WHOSEARO @WHO_Europe @pahowho @WHOEMRO @WHOAFRO Is that a YES??? Is it now recommended to wear a \ud83d\ude37\ud83d\ude37\ud83d\ude37? @RubenGao", "author_id": "9219982", "conversation_id": "1224688621820792833", "lang": "en", "entities": {"mentions": [{"start": 0, "end": 4, "username": "WHO", "id": "14499829"}, {"start": 5, "end": 13, "username": "WHOWPRO", "id": "3794682452"}, {"start": 14, "end": 23, "username": "WHOSEARO", "id": "1545915336"}, {"start": 24, "end": 35, "username": "WHO_Europe", "id": "125403342"}, {"start": 36, "end": 44, "username": "pahowho", "id": "20629893"}, {"start": 45, "end": 53, "username": "WHOEMRO", "id": "259372802"}, {"start": 54, "end": 62, "username": "WHOAFRO", "id": "544389588"}]}, "source": "Twitter for Android", "in_reply_to_user_id": "14499829", "created_at": "2020-02-06T13:35:03.000Z"}