{"author_id": "1106694580886487040", "in_reply_to_user_id": "14499829", "text": "@WHO @WHOWPRO @WHOSEARO @WHO_Europe @pahowho @WHOEMRO @WHOAFRO Majority?! That's an operative word! The people with symptoms are causing the 'Majority of new infections ' \nYou know this is spreading like the flu! People are infected before they have symptoms or a positive test and they are being allowed to continue roaming about public", "source": "Twitter for Android", "conversation_id": "1224688621820792833", "created_at": "2020-02-05T16:42:01.000Z", "entities": {"mentions": [{"start": 0, "end": 4, "username": "WHO", "id": "14499829"}, {"start": 5, "end": 13, "username": "WHOWPRO", "id": "3794682452"}, {"start": 14, "end": 23, "username": "WHOSEARO", "id": "1545915336"}, {"start": 24, "end": 35, "username": "WHO_Europe", "id": "125403342"}, {"start": 36, "end": 44, "username": "pahowho", "id": "20629893"}, {"start": 45, "end": 53, "username": "WHOEMRO", "id": "259372802"}, {"start": 54, "end": 62, "username": "WHOAFRO", "id": "544389588"}]}, "lang": "en", "id": "1225097256937967617"}