{"lang": "en", "entities": {"urls": [{"start": 285, "end": 308, "url": "https://t.co/he0sBpZn0r", "expanded_url": "https://twitter.com/WHOPhilippines/status/1225986606575706113/photo/1", "display_url": "pic.twitter.com/he0sBpZn0r"}], "hashtags": [{"start": 41, "end": 53, "tag": "coronavirus"}]}, "source": "Twitter for Android", "author_id": "2218026914", "in_reply_to_user_id": "2218026914", "conversation_id": "1222505592595480576", "text": "Q: Does drinking alcohol prevent the new #coronavirus?\n\nA: No, drinking alcohol does not protect you from 2019-nCoV infection. Alcohol should always be consumed in moderation &amp; people who do not drink\u00a0alcohol\u00a0should not start\u00a0drinking\u00a0in an attempt to prevent 2019-nCoV infection. https://t.co/he0sBpZn0r", "created_at": "2020-02-08T03:35:59.000Z", "id": "1225986606575706113"}