{"geo": {"place_id": "000c69ad123213a8"}, "created_at": "2020-02-07T07:47:25.000Z", "text": "Can regularly rinsing your nose with saline help prevent infection with the new #coronavirus? https://t.co/bSPjmiibnL", "id": "1225687494886191104", "entities": {"urls": [{"start": 94, "end": 117, "url": "https://t.co/bSPjmiibnL", "expanded_url": "https://twitter.com/WHOUganda/status/1225687494886191104/photo/1", "display_url": "pic.twitter.com/bSPjmiibnL"}], "hashtags": [{"start": 80, "end": 92, "tag": "coronavirus"}]}, "in_reply_to_user_id": "2599562040", "lang": "en", "source": "Twitter for iPhone", "conversation_id": "1225687455317151744", "author_id": "2599562040"}