{"id": "1225413319764267010", "text": "@RyanMcDonaldson @WHO @WHOWPRO @WHOSEARO @WHO_Europe @pahowho @WHOEMRO @WHOAFRO YES... https://t.co/8Cw1RwgQXS", "author_id": "9219982", "conversation_id": "1224688621820792833", "lang": "und", "entities": {"mentions": [{"start": 0, "end": 16, "username": "RyanMcDonaldson", "id": "2468203435"}, {"start": 17, "end": 21, "username": "WHO", "id": "14499829"}, {"start": 22, "end": 30, "username": "WHOWPRO", "id": "3794682452"}, {"start": 31, "end": 40, "username": "WHOSEARO", "id": "1545915336"}, {"start": 41, "end": 52, "username": "WHO_Europe", "id": "125403342"}, {"start": 53, "end": 61, "username": "pahowho", "id": "20629893"}, {"start": 62, "end": 70, "username": "WHOEMRO", "id": "259372802"}, {"start": 71, "end": 79, "username": "WHOAFRO", "id": "544389588"}], "urls": [{"start": 87, "end": 110, "url": "https://t.co/8Cw1RwgQXS", "expanded_url": "https://twitter.com/MartaZeng/status/1225413319764267010/photo/1", "display_url": "pic.twitter.com/8Cw1RwgQXS"}]}, "source": "Twitter for Android", "in_reply_to_user_id": "2468203435", "created_at": "2020-02-06T13:37:57.000Z"}