{"id": "1225413547745636352", "text": "@TimTim081 @WHO @WHOWPRO @WHOSEARO @WHO_Europe @pahowho @WHOEMRO @WHOAFRO YES https://t.co/BDtaSLTyCn", "author_id": "9219982", "conversation_id": "1224688621820792833", "lang": "und", "entities": {"mentions": [{"start": 0, "end": 10, "username": "TimTim081", "id": "2359256112"}, {"start": 11, "end": 15, "username": "WHO", "id": "14499829"}, {"start": 16, "end": 24, "username": "WHOWPRO", "id": "3794682452"}, {"start": 25, "end": 34, "username": "WHOSEARO", "id": "1545915336"}, {"start": 35, "end": 46, "username": "WHO_Europe", "id": "125403342"}, {"start": 47, "end": 55, "username": "pahowho", "id": "20629893"}, {"start": 56, "end": 64, "username": "WHOEMRO", "id": "259372802"}, {"start": 65, "end": 73, "username": "WHOAFRO", "id": "544389588"}], "urls": [{"start": 78, "end": 101, "url": "https://t.co/BDtaSLTyCn", "expanded_url": "https://twitter.com/MartaZeng/status/1225413547745636352/photo/1", "display_url": "pic.twitter.com/BDtaSLTyCn"}]}, "source": "Twitter for Android", "in_reply_to_user_id": "2359256112", "created_at": "2020-02-06T13:38:51.000Z"}