{"entities": {"urls": [{"start": 115, "end": 138, "url": "https://t.co/oLzS0FZFrc", "expanded_url": "https://twitter.com/KKMPutrajaya/status/1225255188325228544/photo/1", "display_url": "pic.twitter.com/oLzS0FZFrc"}], "hashtags": [{"start": 4, "end": 13, "tag": "2019nCoV"}, {"start": 66, "end": 87, "tag": "novelcoronavirus2019"}, {"start": 89, "end": 114, "tag": "WuhanCoronavirusOutbreak"}]}, "conversation_id": "1225255188325228544", "lang": "en", "id": "1225255188325228544", "text": "Can #2019nCoV be caught from a person who presents no symptoms? \n\n#novelcoronavirus2019 \n#WuhanCoronavirusOutbreak https://t.co/oLzS0FZFrc", "source": "Twitter for Android", "author_id": "531041640", "created_at": "2020-02-06T03:09:35.000Z"}