{"source": "Twitter Web App", "conversation_id": "1225471897116315652", "created_at": "2020-02-08T03:30:57.000Z", "id": "1225985339031875584", "entities": {"mentions": [{"start": 0, "end": 14, "username": "coronavirusup", "id": "1223845496948588544"}, {"start": 15, "end": 29, "username": "Swizzlestick8", "id": "749939365984350209"}]}, "author_id": "43477325", "in_reply_to_user_id": "1081972159860359170", "lang": "en", "text": "@CoronaVirusUp @Swizzlestick8 Thank you, do you have a source for that?"}