{"author_id": "741843437226360832", "in_reply_to_user_id": "14499829", "text": "@WHO @WHOWPRO @WHOSEARO @WHO_Europe @pahowho @WHOEMRO @WHOAFRO Leave no one behind? So Taiwanese aren\u2019t human? China Health Organization", "source": "Twitter for iPhone", "entities": {"annotations": [{"start": 111, "end": 135, "probability": 0.4196, "type": "Organization", "normalized_text": "China Health Organization"}], "mentions": [{"start": 0, "end": 4, "username": "WHO", "id": "14499829"}, {"start": 5, "end": 13, "username": "WHOWPRO", "id": "3794682452"}, {"start": 14, "end": 23, "username": "WHOSEARO", "id": "1545915336"}, {"start": 24, "end": 35, "username": "WHO_Europe", "id": "125403342"}, {"start": 36, "end": 44, "username": "pahowho", "id": "20629893"}, {"start": 45, "end": 53, "username": "WHOEMRO", "id": "259372802"}, {"start": 54, "end": 62, "username": "WHOAFRO", "id": "544389588"}]}, "conversation_id": "1224688621820792833", "created_at": "2020-02-05T12:53:28.000Z", "lang": "en", "id": "1225039737313951745"}