{"geo": {"place_id": "000c69ad123213a8"}, "created_at": "2020-02-07T07:47:47.000Z", "text": "Are there any specific medicines to prevent or treat the new #coronavirus? https://t.co/wMRtWMyfKI", "id": "1225687585617403905", "entities": {"urls": [{"start": 75, "end": 98, "url": "https://t.co/wMRtWMyfKI", "expanded_url": "https://twitter.com/WHOUganda/status/1225687585617403905/photo/1", "display_url": "pic.twitter.com/wMRtWMyfKI"}], "hashtags": [{"start": 61, "end": 73, "tag": "coronavirus"}]}, "in_reply_to_user_id": "2599562040", "lang": "en", "source": "Twitter for iPhone", "conversation_id": "1225687455317151744", "author_id": "2599562040"}