{"author_id": "259372802", "source": "Twitter Web Client", "entities": {"hashtags": [{"start": 245, "end": 254, "tag": "2019nCoV"}, {"start": 257, "end": 270, "tag": "KnowTheFacts"}], "urls": [{"start": 271, "end": 294, "url": "https://t.co/qMNngKMCLk", "expanded_url": "https://twitter.com/WHOEMRO/status/1225783964893315072/photo/1", "display_url": "pic.twitter.com/qMNngKMCLk"}]}, "text": "Q: Can eating garlic help prevent infection with the new Coronavirus?\n\nA: Garlic is a healthy food that may have some antimicrobial properties. However, there is NO evidence from the current outbreak that eating garlic has protected people from #2019nCoV.\n\n#KnowTheFacts https://t.co/qMNngKMCLk", "lang": "en", "id": "1225783964893315072", "created_at": "2020-02-07T14:10:45.000Z", "conversation_id": "1225783964893315072"}