{"id": "1225605335676682240", "text": "@dramitpead @WHO @WHOWPRO @WHOSEARO @WHO_Europe @pahowho @WHOEMRO @WHOAFRO @HelenBranswell I defer to mask experts - are there any out there among my Tweeps?", "author_id": "1352962327", "conversation_id": "1224688621820792833", "lang": "en", "entities": {"mentions": [{"start": 12, "end": 16, "username": "WHO", "id": "14499829"}, {"start": 17, "end": 25, "username": "WHOWPRO", "id": "3794682452"}, {"start": 26, "end": 35, "username": "WHOSEARO", "id": "1545915336"}, {"start": 36, "end": 47, "username": "WHO_Europe", "id": "125403342"}, {"start": 48, "end": 56, "username": "pahowho", "id": "20629893"}, {"start": 57, "end": 65, "username": "WHOEMRO", "id": "259372802"}, {"start": 66, "end": 74, "username": "WHOAFRO", "id": "544389588"}, {"start": 75, "end": 90, "username": "HelenBranswell", "id": "28838219"}]}, "source": "TweetDeck", "in_reply_to_user_id": "114470001", "created_at": "2020-02-07T02:20:57.000Z"}