{"entities": {"hashtags": [{"start": 174, "end": 188, "tag": "corononavirus"}], "mentions": [{"start": 0, "end": 10, "username": "ndmaindia", "id": "2611134289"}, {"start": 11, "end": 15, "username": "WHO", "id": "14499829"}]}, "author_id": "343474323", "lang": "en", "source": "Twitter Web App", "text": "@ndmaindia @WHO \u0c95\u0ca8\u0ccd\u0ca8\u0ca1 \u0c85\u0ca8\u0cc1\u0cb5\u0cbe\u0ca6 \u0cb9\u0cbe\u0c95\u0cbf\n\u0cb0\u0ccb\u0c97 \u0c87\u0c82\u0c97\u0ccd\u0cb2\u0cbf\u0cb7\u0ccd \u0cad\u0cbe\u0cb7\u0cbf\u0c95\u0cb0\u0cbf\u0c97\u0cc6 \u0cae\u0cbe\u0ca4\u0ccd\u0cb0\u0cb5\u0cc7 \u0cac\u0cb0\u0cc1\u0ca4\u0ccd\u0ca4\u0ca6\u0cc6\u0caf\u0cc7?\nWhere are the translations of this in all Indian languages\nIs it like only English speakers gets #corononavirus infection? \nStop imposing English or Hindi, be sensible.", "created_at": "2020-02-06T14:10:45.000Z", "id": "1225421573965807617", "in_reply_to_user_id": "2611134289", "conversation_id": "1225419875977289728"}