{"id": "1225413890541940736", "text": "@WHO @WHOWPRO @WHOSEARO @WHO_Europe @pahowho @WHOEMRO @WHOAFRO The health minister of Maldives says NO NEED to wear masks. Nobody in Maldives wear masks except a handful", "author_id": "1194592071232835584", "conversation_id": "1224688621820792833", "lang": "en", "entities": {"annotations": [{"start": 86, "end": 93, "probability": 0.8406, "type": "Place", "normalized_text": "Maldives"}, {"start": 133, "end": 140, "probability": 0.8668, "type": "Place", "normalized_text": "Maldives"}], "mentions": [{"start": 0, "end": 4, "username": "WHO", "id": "14499829"}, {"start": 5, "end": 13, "username": "WHOWPRO", "id": "3794682452"}, {"start": 14, "end": 23, "username": "WHOSEARO", "id": "1545915336"}, {"start": 24, "end": 35, "username": "WHO_Europe", "id": "125403342"}, {"start": 36, "end": 44, "username": "pahowho", "id": "20629893"}, {"start": 45, "end": 53, "username": "WHOEMRO", "id": "259372802"}, {"start": 54, "end": 62, "username": "WHOAFRO", "id": "544389588"}]}, "source": "Twitter for iPhone", "in_reply_to_user_id": "14499829", "created_at": "2020-02-06T13:40:13.000Z"}