{"entities": {"urls": [{"start": 172, "end": 195, "url": "https://t.co/38DfPG2Adj", "expanded_url": "https://twitter.com/ndmaindia/status/1225703746174242816/photo/1", "display_url": "pic.twitter.com/38DfPG2Adj"}], "mentions": [{"start": 167, "end": 171, "username": "WHO", "id": "14499829"}], "hashtags": [{"start": 53, "end": 65, "tag": "MythBusters"}, {"start": 66, "end": 78, "tag": "Coronavirus"}]}, "conversation_id": "1225703746174242816", "lang": "en", "id": "1225703746174242816", "text": "Novel Coronavirus (2019-nCoV) advice for the public: #MythBusters #Coronavirus\n\nAre there any specific medicines to prevent or treat the new coronavirus?\n\nCourtsey - \n@WHO https://t.co/38DfPG2Adj", "source": "TweetDeck", "author_id": "2611134289", "created_at": "2020-02-07T08:52:00.000Z"}