{"in_reply_to_user_id": "2599562040", "entities": {"urls": [{"start": 61, "end": 84, "url": "https://t.co/f1XEVfNZtH", "expanded_url": "https://twitter.com/WHOUganda/status/1225687466591436804/photo/1", "display_url": "pic.twitter.com/f1XEVfNZtH"}], "hashtags": [{"start": 34, "end": 46, "tag": "coronavirus"}]}, "created_at": "2020-02-07T07:47:18.000Z", "author_id": "2599562040", "lang": "en", "conversation_id": "1225687455317151744", "text": "Can pets at home spread the new # #coronavirus  (2019-nCoV)? https://t.co/f1XEVfNZtH", "geo": {"place_id": "000c69ad123213a8"}, "id": "1225687466591436804", "source": "Twitter for iPhone"}