{"geo": {"place_id": "000c69ad123213a8"}, "created_at": "2020-02-07T07:47:38.000Z", "text": "Does the new #coronavirus affect older people, or are younger people also susceptible? https://t.co/qHKNxye6rB", "id": "1225687551039524864", "entities": {"urls": [{"start": 87, "end": 110, "url": "https://t.co/qHKNxye6rB", "expanded_url": "https://twitter.com/WHOUganda/status/1225687551039524864/photo/1", "display_url": "pic.twitter.com/qHKNxye6rB"}], "hashtags": [{"start": 13, "end": 25, "tag": "coronavirus"}]}, "in_reply_to_user_id": "2599562040", "lang": "en", "source": "Twitter for iPhone", "conversation_id": "1225687455317151744", "author_id": "2599562040"}