{"author_id": "848365925980131332", "entities": {"hashtags": [{"start": 302, "end": 314, "tag": "Coronavirus"}], "annotations": [{"start": 93, "end": 115, "probability": 0.6136, "type": "Organization", "normalized_text": "Chinese Communist Party"}], "mentions": [{"start": 0, "end": 4, "username": "WHO", "id": "14499829"}, {"start": 5, "end": 13, "username": "WHOWPRO", "id": "3794682452"}, {"start": 14, "end": 23, "username": "WHOSEARO", "id": "1545915336"}, {"start": 24, "end": 35, "username": "WHO_Europe", "id": "125403342"}, {"start": 36, "end": 44, "username": "pahowho", "id": "20629893"}, {"start": 45, "end": 53, "username": "WHOEMRO", "id": "259372802"}, {"start": 54, "end": 62, "username": "WHOAFRO", "id": "544389588"}]}, "in_reply_to_user_id": "14499829", "text": "@WHO @WHOWPRO @WHOSEARO @WHO_Europe @pahowho @WHOEMRO @WHOAFRO Why are you behaving like the Chinese Communist Party's propoganda office?????? The National Health Commission itself has said the disease is \"asymptomatic\" so why do you mislead the public the above non-answer to the above question?????? #Coronavirus", "source": "Twitter Web App", "conversation_id": "1224688621820792833", "created_at": "2020-02-05T12:06:15.000Z", "lang": "en", "id": "1225027855224135685"}