{"id": "1225430761643266048", "text": "@WHO @WHOWPRO @WHOSEARO @WHO_Europe @pahowho @WHOEMRO @WHOAFRO After how many hours of use a N95 mask should be changed @HelenBranswell @MackayIM", "author_id": "114470001", "conversation_id": "1224688621820792833", "lang": "en", "entities": {"annotations": [{"start": 93, "end": 100, "probability": 0.5467, "type": "Product", "normalized_text": "N95 mask"}], "mentions": [{"start": 0, "end": 4, "username": "WHO", "id": "14499829"}, {"start": 5, "end": 13, "username": "WHOWPRO", "id": "3794682452"}, {"start": 14, "end": 23, "username": "WHOSEARO", "id": "1545915336"}, {"start": 24, "end": 35, "username": "WHO_Europe", "id": "125403342"}, {"start": 36, "end": 44, "username": "pahowho", "id": "20629893"}, {"start": 45, "end": 53, "username": "WHOEMRO", "id": "259372802"}, {"start": 54, "end": 62, "username": "WHOAFRO", "id": "544389588"}, {"start": 120, "end": 135, "username": "HelenBranswell", "id": "28838219"}, {"start": 136, "end": 145, "username": "MackayIM", "id": "1352962327"}]}, "source": "Twitter Web App", "in_reply_to_user_id": "14499829", "created_at": "2020-02-06T14:47:15.000Z"}