{"geo": {"place_id": "000c69ad123213a8"}, "created_at": "2020-02-07T07:47:28.000Z", "text": "Can gargling mouthwash protect you from infection with the new #coronavirus? https://t.co/D0O5J4Wuai", "id": "1225687506919682053", "entities": {"urls": [{"start": 77, "end": 100, "url": "https://t.co/D0O5J4Wuai", "expanded_url": "https://twitter.com/WHOUganda/status/1225687506919682053/photo/1", "display_url": "pic.twitter.com/D0O5J4Wuai"}], "hashtags": [{"start": 63, "end": 75, "tag": "coronavirus"}]}, "in_reply_to_user_id": "2599562040", "lang": "en", "source": "Twitter for iPhone", "conversation_id": "1225687455317151744", "author_id": "2599562040"}