{"entities": {"mentions": [{"start": 0, "end": 8, "username": "WHOEMRO", "id": "259372802"}, {"start": 9, "end": 19, "username": "WHOJordan", "id": "931668301"}, {"start": 20, "end": 32, "username": "WHOPakistan", "id": "940836710216273920"}, {"start": 33, "end": 44, "username": "UNICEFmena", "id": "67080108"}, {"start": 45, "end": 59, "username": "WHOOmanOffice", "id": "932563216571535361"}, {"start": 60, "end": 75, "username": "WHOAfghanistan", "id": "434738008"}, {"start": 76, "end": 87, "username": "WHOLebanon", "id": "2394143648"}, {"start": 88, "end": 100, "username": "WHODjibouti", "id": "1198928880750530561"}, {"start": 101, "end": 108, "username": "WHOoPt", "id": "945684223"}, {"start": 109, "end": 117, "username": "WHOIraq", "id": "982219486248910849"}, {"start": 118, "end": 127, "username": "WHOSyria", "id": "970996677061509121"}, {"start": 128, "end": 135, "username": "zlj517", "id": "141627220"}]}, "author_id": "228031468", "source": "Twitter for Android", "text": "@WHOEMRO @WHOJordan @WHOPakistan @UNICEFmena @WHOOmanOffice @WHOAfghanistan @WHOLebanon @WHODjibouti @WHOoPt @WHOIraq @WHOSyria @zlj517 \n\ud83d\udc99\u270c\ufe0f\ud83d\udc99", "lang": "und", "id": "1225784378351083521", "created_at": "2020-02-07T14:12:24.000Z", "in_reply_to_user_id": "259372802", "conversation_id": "1225783964893315072"}