{"source": "TweetDeck", "entities": {"urls": [{"start": 153, "end": 176, "url": "https://t.co/3RGAAnZ2Mg", "expanded_url": "https://twitter.com/ndmaindia/status/1225751310013796355/photo/1", "display_url": "pic.twitter.com/3RGAAnZ2Mg"}], "mentions": [{"start": 148, "end": 152, "username": "WHO", "id": "14499829"}], "hashtags": [{"start": 53, "end": 65, "tag": "MythBusters"}, {"start": 66, "end": 78, "tag": "coronavirus"}]}, "conversation_id": "1225751310013796355", "created_at": "2020-02-07T12:01:00.000Z", "id": "1225751310013796355", "author_id": "2611134289", "lang": "en", "text": "Novel Coronavirus (2019-nCoV) advice for the public: #MythBusters #coronavirus\n\nCan pets at home spread the new coronavirus (2019-nCoV)?\n\nCourtesy \n@WHO https://t.co/3RGAAnZ2Mg"}