{"author_id": "2901556831", "entities": {"hashtags": [{"start": 86, "end": 95, "tag": "nCoV2020"}], "mentions": [{"start": 0, "end": 4, "username": "WHO", "id": "14499829"}, {"start": 5, "end": 13, "username": "WHOWPRO", "id": "3794682452"}, {"start": 14, "end": 23, "username": "WHOSEARO", "id": "1545915336"}, {"start": 24, "end": 35, "username": "WHO_Europe", "id": "125403342"}, {"start": 36, "end": 44, "username": "pahowho", "id": "20629893"}, {"start": 45, "end": 53, "username": "WHOEMRO", "id": "259372802"}, {"start": 54, "end": 62, "username": "WHOAFRO", "id": "544389588"}]}, "in_reply_to_user_id": "14499829", "text": "@WHO @WHOWPRO @WHOSEARO @WHO_Europe @pahowho @WHOEMRO @WHOAFRO Are we sure this virus #nCoV2020 won't spread via any insects which has any contact with animal or man who've already been exposed to it?", "source": "Twitter for Android", "conversation_id": "1224688621820792833", "created_at": "2020-02-05T13:22:35.000Z", "lang": "en", "id": "1225047064150568965"}