{"author_id": "49012513", "in_reply_to_user_id": "14499829", "text": "@WHO @WHOWPRO @WHOSEARO @WHO_Europe @pahowho @WHOEMRO @WHOAFRO Where are the updated numbers of patients? Media is reporting over 24,000 and WHO's website reports still 20,000. What is going on?", "source": "Twitter Web App", "conversation_id": "1224688621820792833", "created_at": "2020-02-05T14:10:57.000Z", "entities": {"mentions": [{"start": 0, "end": 4, "username": "WHO", "id": "14499829"}, {"start": 5, "end": 13, "username": "WHOWPRO", "id": "3794682452"}, {"start": 14, "end": 23, "username": "WHOSEARO", "id": "1545915336"}, {"start": 24, "end": 35, "username": "WHO_Europe", "id": "125403342"}, {"start": 36, "end": 44, "username": "pahowho", "id": "20629893"}, {"start": 45, "end": 53, "username": "WHOEMRO", "id": "259372802"}, {"start": 54, "end": 62, "username": "WHOAFRO", "id": "544389588"}]}, "lang": "en", "id": "1225059238973755395"}