{"text": "Is it safe to receive a letter or a package from China?\n\nYes, it is safe. People receiving packages from China are not at risk of contracting the new #coronavirus. \nFrom previous analysis, WHO says coronaviruses do not survive long on objects, such as letters or packages. https://t.co/erqMwUclBt", "entities": {"hashtags": [{"start": 150, "end": 162, "tag": "coronavirus"}], "annotations": [{"start": 49, "end": 53, "probability": 0.971, "type": "Place", "normalized_text": "China"}, {"start": 105, "end": 109, "probability": 0.9848, "type": "Place", "normalized_text": "China"}], "urls": [{"start": 273, "end": 296, "url": "https://t.co/erqMwUclBt", "expanded_url": "https://twitter.com/IshiwiMyVoice/status/1226787786948272129/photo/1", "display_url": "pic.twitter.com/erqMwUclBt"}]}, "lang": "en", "id": "1226787786948272129", "source": "Twitter Web App", "conversation_id": "1226787786948272129", "created_at": "2020-02-10T08:39:35.000Z", "author_id": "715109606624768000"}