{"entities": {"mentions": [{"start": 0, "end": 9, "username": "UNGeneva", "id": "164263382"}, {"start": 10, "end": 14, "username": "WHO", "id": "14499829"}], "annotations": [{"start": 15, "end": 22, "probability": 0.6583, "type": "Organization", "normalized_text": "NYC News"}]}, "in_reply_to_user_id": "164263382", "created_at": "2020-02-08T19:26:46.000Z", "author_id": "4388146574", "lang": "en", "conversation_id": "1226224930548834306", "text": "@UNGeneva @WHO NYC News", "id": "1226225880122327040", "source": "Twitter Web App"}