{"conversation_id": "1226929056895184897", "created_at": "2020-02-10T18:00:59.000Z", "lang": "en", "source": "Twitter Web App", "id": "1226929067015987200", "text": "6. Can pets at home spread the new coronavirus (2019-nCoV)?\n\nAt present, there is no evidence that companion animals/pets such as dogs or cats can be infected with the new coronavirus. However, it is always a good idea to wash your hands with soap &amp; water after contact with pets.", "author_id": "1300503320", "in_reply_to_user_id": "1300503320"}