{"author_id": "259372802", "source": "Twitter Web Client", "entities": {"hashtags": [{"start": 147, "end": 156, "tag": "2019nCoV"}, {"start": 265, "end": 278, "tag": "KnowTheFacts"}], "urls": [{"start": 279, "end": 302, "url": "https://t.co/nQzjYRlYPf", "expanded_url": "https://twitter.com/WHOEMRO/status/1226110982294048768/photo/1", "display_url": "pic.twitter.com/nQzjYRlYPf"}], "annotations": [{"start": 53, "end": 57, "probability": 0.9634, "type": "Place", "normalized_text": "China"}, {"start": 112, "end": 116, "probability": 0.984, "type": "Place", "normalized_text": "China"}]}, "text": "\ud83c\uddf6: Is it safe to receive a letter or a package from China?\n\ud83c\udde6: Yes, it is safe. People receiving packages from China are not at risk of contracting #2019nCoV.\nFrom previous analysis, we know coronaviruses do not survive long on objects, such as letters or packages.\n#KnowTheFacts https://t.co/nQzjYRlYPf", "lang": "en", "id": "1226110982294048768", "created_at": "2020-02-08T11:50:12.000Z", "in_reply_to_user_id": "259372802", "conversation_id": "1225783964893315072"}