{"conversation_id": "1226929056895184897", "created_at": "2020-02-10T18:00:57.000Z", "lang": "en", "source": "Twitter Web App", "id": "1226929058791002113", "text": "1. Is it safe to receive a letter or a package from China?\n\nYes, it is safe. People receiving packages from China are not at risk of contracting the new coronavirus. From previous analysis, we know coronaviruses do not survive long on objects, such as letters or packages.", "author_id": "1300503320", "in_reply_to_user_id": "1300503320", "entities": {"annotations": [{"start": 52, "end": 56, "probability": 0.966, "type": "Place", "normalized_text": "China"}, {"start": 108, "end": 112, "probability": 0.9833, "type": "Place", "normalized_text": "China"}]}}