{"conversation_id": "1226929056895184897", "created_at": "2020-02-10T18:00:59.000Z", "lang": "en", "source": "Twitter Web App", "id": "1226929065443151872", "text": "5. Are hand dryers effective in killing the new coronavirus?\n\nNo. Hand dryers are not effective in killing the new coronavirus. To protect yourself against the new coronavirus, you should frequently clean your hands with an alcohol-based hand rub or wash them with soap &amp; water.", "author_id": "1300503320", "in_reply_to_user_id": "1300503320"}