{"entities": {"mentions": [{"start": 0, "end": 11, "username": "ChinaDaily", "id": "87775422"}], "urls": [{"start": 234, "end": 257, "url": "https://t.co/Sv1NRhjbcq", "expanded_url": "https://www.youtube.com/watch?v=O4-5eYykB7g", "display_url": "youtube.com/watch?v=O4-5eY\u2026"}], "hashtags": [{"start": 258, "end": 274, "tag": "growtobethebest"}, {"start": 275, "end": 287, "tag": "coronavirus"}, {"start": 288, "end": 292, "tag": "WHO"}]}, "created_at": "2020-02-10T20:08:03.000Z", "text": "@ChinaDaily Saw people asking about garlic, gas and even tea as measure of prevention. This might be useful. Reduce the risk of coronavirus infection. 1 minute video with the basic steps, recommended by the WHO. RT, so everyone knows\nhttps://t.co/Sv1NRhjbcq\n#growtobethebest #coronavirus #WHO", "id": "1226961043940954112", "in_reply_to_user_id": "87775422", "lang": "en", "source": "Twitter Web App", "conversation_id": "1226960033969250304", "author_id": "2826463747"}