{"conversation_id": "1226929056895184897", "created_at": "2020-02-10T18:01:00.000Z", "lang": "en", "source": "Twitter Web App", "id": "1226929070325293056", "text": "8. Does the new coronavirus affect older people, or are younger people also susceptible?\n\nPeople of all ages can be infected by the new coronavirus but older people &amp; those with pre-existing medical conditions (such as asthma, diabetes, etc.) appear to be more vulnerable.", "author_id": "1300503320", "in_reply_to_user_id": "1300503320"}