{"conversation_id": "1226929056895184897", "created_at": "2020-02-10T18:00:59.000Z", "lang": "en", "source": "Twitter Web App", "id": "1226929068580524034", "text": "7. Do vaccines against pneumonia protect you against the new coronavirus?\n\nNo. Vaccines against pneumonia offer no protection against the new coronavirus. The virus is so new and different that it needs its own vaccine. Researchers are trying to develop one &amp; WHO is in support.", "author_id": "1300503320", "in_reply_to_user_id": "1300503320"}