{"conversation_id": "1226929056895184897", "created_at": "2020-02-10T18:00:58.000Z", "lang": "en", "source": "Twitter Web App", "id": "1226929062171545600", "text": "3. How effective are thermal scanners in detecting people infected with the new coronavirus?\n\nThermal scanners are effective in detecting people who have developed a fever because of infection. However, they cannot detect people who are infected but are not yet sick with fever.", "author_id": "1300503320", "in_reply_to_user_id": "1300503320"}