{"lang": "en", "entities": {"urls": [{"start": 153, "end": 176, "url": "https://t.co/0HNFFKnUB8", "expanded_url": "https://twitter.com/ndmaindia/status/1226804750999543808/photo/1", "display_url": "pic.twitter.com/0HNFFKnUB8"}], "hashtags": [{"start": 53, "end": 65, "tag": "MythBusters"}, {"start": 66, "end": 78, "tag": "coronavirus"}], "mentions": [{"start": 148, "end": 152, "username": "WHO", "id": "14499829"}]}, "source": "TweetDeck", "author_id": "2611134289", "conversation_id": "1226804750999543808", "text": "Novel Coronavirus (2019-nCoV) advice for the public: #MythBusters #coronavirus\n\nCan pets at home spread the new coronavirus (2019-nCoV)?\n\nCourtesy \n@WHO https://t.co/0HNFFKnUB8", "created_at": "2020-02-10T09:47:00.000Z", "id": "1226804750999543808"}