{"author_id": "259372802", "source": "Twitter Web Client", "entities": {"hashtags": [{"start": 206, "end": 215, "tag": "2019nCoV"}, {"start": 218, "end": 231, "tag": "KnowTheFacts"}], "urls": [{"start": 232, "end": 255, "url": "https://t.co/ujS3SYoCDL", "expanded_url": "https://twitter.com/WHOEMRO/status/1226172004551811075/photo/1", "display_url": "pic.twitter.com/ujS3SYoCDL"}]}, "text": "\ud83c\uddf6: Can regularly rinsing your nose with saline help prevent infection with the new coronavirus?\n\n\ud83c\udde6: There is no evidence that regularly rinsing the \ud83d\udc43with saline has protected people from infection with the #2019nCoV \n\n#KnowTheFacts https://t.co/ujS3SYoCDL", "lang": "en", "id": "1226172004551811075", "created_at": "2020-02-08T15:52:41.000Z", "in_reply_to_user_id": "259372802", "conversation_id": "1225783964893315072"}