{"conversation_id": "1226929056895184897", "created_at": "2020-02-10T18:01:01.000Z", "lang": "en", "source": "Twitter Web App", "id": "1226929073869541376", "text": "9. Are antibiotics effective in preventing and treating the new coronavirus?\n\nNo, antibiotics do not work against viruses, only bacteria.\n\nThe new coronavirus (2019-nCoV) is a virus and, therefore, antibiotics should not be used as a means of prevention or treatment.", "author_id": "1300503320", "in_reply_to_user_id": "1300503320"}