{"conversation_id": "1226929056895184897", "created_at": "2020-02-10T18:01:01.000Z", "lang": "en", "source": "Twitter Web App", "id": "1226929076184735748", "text": "10. Are there any specific medicines to prevent or treat the new coronavirus?\n\nTo date, there is no specific medicine recommended to prevent or treat the new coronavirus.\n\nHowever, those infected with the virus are receiving appropriate care to relieve and treat symptoms.", "author_id": "1300503320", "in_reply_to_user_id": "1300503320"}