{"text": "@WHO @WHOWPRO @WHOSEARO @WHO_Europe @pahowho @WHOEMRO @WHOAFRO https://t.co/RjTVhTmkBK que pensez vous de \u00e7a ?", "lang": "fr", "id": "1226198632396918790", "source": "Twitter for Android", "entities": {"mentions": [{"start": 0, "end": 4, "username": "WHO", "id": "14499829"}, {"start": 5, "end": 13, "username": "WHOWPRO", "id": "3794682452"}, {"start": 14, "end": 23, "username": "WHOSEARO", "id": "1545915336"}, {"start": 24, "end": 35, "username": "WHO_Europe", "id": "125403342"}, {"start": 36, "end": 44, "username": "pahowho", "id": "20629893"}, {"start": 45, "end": 53, "username": "WHOEMRO", "id": "259372802"}, {"start": 54, "end": 62, "username": "WHOAFRO", "id": "544389588"}], "urls": [{"start": 63, "end": 86, "url": "https://t.co/RjTVhTmkBK", "expanded_url": "https://twitter.com/MgOqkzLBRPLCHyN/status/1226095032299474945?s=19", "display_url": "twitter.com/MgOqkzLBRPLCHy\u2026"}]}, "conversation_id": "1221800661039419398", "created_at": "2020-02-08T17:38:30.000Z", "author_id": "493106541", "in_reply_to_user_id": "14499829"}