{"created_at": "2020-02-10T20:04:02.000Z", "text": "#FactCheck Can eating garlic help prevent infection with the new #coronavirus? https://t.co/OlQd2SdeYH https://t.co/IoQSJfHBZG", "id": "1226960033969250304", "entities": {"urls": [{"start": 79, "end": 102, "url": "https://t.co/OlQd2SdeYH", "expanded_url": "https://bit.ly/37eUnom", "display_url": "bit.ly/37eUnom"}, {"start": 103, "end": 126, "url": "https://t.co/IoQSJfHBZG", "expanded_url": "https://twitter.com/ChinaDaily/status/1226960033969250304/photo/1", "display_url": "pic.twitter.com/IoQSJfHBZG"}], "hashtags": [{"start": 0, "end": 10, "tag": "FactCheck"}, {"start": 65, "end": 77, "tag": "coronavirus"}]}, "lang": "en", "source": "TeamSight Publisher", "conversation_id": "1226960033969250304", "author_id": "87775422"}