{"lang": "en", "source": "Twitter Web App", "author_id": "1300503320", "in_reply_to_user_id": "1300503320", "conversation_id": "1226929056895184897", "text": "2. Can spraying alcohol or chlorine all over your body kill the new coronavirus?\n\nNo. Spraying alcohol or chlorine on your body will not kill viruses that have already entered your body. Rather, spraying such substances can be harmful to clothes or mucous membranes (eyes, mouth).", "created_at": "2020-02-10T18:00:57.000Z", "id": "1226929060368060420"}