{"entities": {"urls": [{"start": 231, "end": 254, "url": "https://t.co/uaDccxnsAZ", "expanded_url": "https://twitter.com/AVONHMO/status/1226929056895184897/photo/1", "display_url": "pic.twitter.com/uaDccxnsAZ"}], "mentions": [{"start": 210, "end": 214, "username": "WHO", "id": "14499829"}], "hashtags": [{"start": 4, "end": 16, "tag": "coronavirus"}], "annotations": [{"start": 123, "end": 130, "probability": 0.6928, "type": "Product", "normalized_text": "WhatsApp"}]}, "conversation_id": "1226929056895184897", "created_at": "2020-02-10T18:00:57.000Z", "lang": "en", "source": "Twitter Web App", "id": "1226929056895184897", "text": "The #coronavirus threat is still out there and with it comes the possibility of some misconceptions, especially those fake WhatsApp broadcasts.\n\nHere are some myths that have cropped up so far and facts by the @WHO to debunk them. https://t.co/uaDccxnsAZ", "author_id": "1300503320"}