{"lang": "en", "author_id": "1001371117657907200", "source": "Twitter Web App", "in_reply_to_user_id": "26295908", "entities": {"mentions": [{"start": 0, "end": 7, "username": "Guki_0", "id": "26295908"}, {"start": 8, "end": 21, "username": "KKMPutrajaya", "id": "531041640"}, {"start": 22, "end": 26, "username": "WHO", "id": "14499829"}]}, "id": "1227070847656939521", "created_at": "2020-02-11T03:24:22.000Z", "text": "@Guki_0 @KKMPutrajaya @WHO It's the truth ! Our package is safe from jlcpcb factory . \ud83d\ude00", "conversation_id": "1224013330781655040"}