{"created_at": "2020-02-13T07:12:02.000Z", "text": "#Coronavirus deaths... https://t.co/C1sXgWglRa", "entities": {"urls": [{"start": 23, "end": 46, "url": "https://t.co/C1sXgWglRa", "expanded_url": "https://twitter.com/OzgurTufekci/status/1227852917178322944/photo/1", "display_url": "pic.twitter.com/C1sXgWglRa"}], "hashtags": [{"start": 0, "end": 12, "tag": "Coronavirus"}]}, "in_reply_to_user_id": "326631858", "conversation_id": "1222219972086239232", "lang": "en", "id": "1227852917178322944", "author_id": "326631858", "source": "Twitter for iPhone"}