{"text": "@Abeauty_dj_YBC The World Health Organisation says it is safe, they have done their research", "lang": "en", "id": "1227131078030307328", "source": "Twitter Web App", "entities": {"mentions": [{"start": 0, "end": 15, "username": "Abeauty_dj_YBC", "id": "4900640590"}], "annotations": [{"start": 16, "end": 44, "probability": 0.533, "type": "Organization", "normalized_text": "The World Health Organisation"}]}, "conversation_id": "1226787786948272129", "created_at": "2020-02-11T07:23:42.000Z", "author_id": "715109606624768000", "in_reply_to_user_id": "4900640590"}