{"entities": {"mentions": [{"start": 0, "end": 14, "username": "MarshaCollier", "id": "14262772"}, {"start": 50, "end": 56, "username": "POTUS", "id": "1349149096909668363"}, {"start": 58, "end": 74, "username": "realDonaldTrump", "id": "25073877"}, {"start": 107, "end": 111, "username": "GOP", "id": "11134252"}, {"start": 113, "end": 122, "username": "TexasGOP", "id": "37760670"}, {"start": 125, "end": 139, "username": "GOPChairwoman", "id": "2353605901"}, {"start": 142, "end": 153, "username": "WhiteHouse", "id": "1323730225067339784"}]}, "author_id": "1140725219050577922", "in_reply_to_user_id": "14262772", "created_at": "2020-02-12T18:15:30.000Z", "id": "1227657494958350336", "text": "@MarshaCollier It's sure NOT safe to visit one of @POTUS /@realDonaldTrump Chinese massage parlors!  Attn: @GOP, @TexasGOP , @GOPChairwoman , @WhiteHouse", "source": "Twitter Web App", "lang": "en", "conversation_id": "1227645298740207616"}