{"source": "Twitter for Android", "conversation_id": "1227617815512797184", "created_at": "2020-02-12T18:11:16.000Z", "id": "1227656428757733376", "entities": {"mentions": [{"start": 0, "end": 8, "username": "palkisu", "id": "49923337"}], "urls": [{"start": 53, "end": 76, "url": "https://t.co/Mtkbh01Gwr", "expanded_url": "https://twitter.com/schoncash/status/1227656428757733376/video/1", "display_url": "pic.twitter.com/Mtkbh01Gwr"}]}, "author_id": "3045651792", "in_reply_to_user_id": "3045651792", "lang": "en", "text": "@palkisu I got this from a friend. Very informative. https://t.co/Mtkbh01Gwr"}