{"conversation_id": "1227297011738841089", "lang": "es", "id": "1227297023029923840", "text": "\u00bfLos secadores de manos son efectivos para matar el nuevo coronavirus?\n\nNo. Los secadores de manos no son efectivos para matar el 2019-nCoV. Para protegerse contra el nuevo coronavirus, con frecuencia debe limpiarse las manos con un desinfectante para manos a base de alcohol", "source": "Twitter Web App", "author_id": "53673453", "created_at": "2020-02-11T18:23:07.000Z", "in_reply_to_user_id": "53673453"}