{"source": "TeamSight Publisher", "entities": {"urls": [{"start": 105, "end": 128, "url": "https://t.co/earYLTxMty", "expanded_url": "https://bit.ly/2UFkbr8", "display_url": "bit.ly/2UFkbr8"}, {"start": 129, "end": 152, "url": "https://t.co/bDl3S6CzfQ", "expanded_url": "https://twitter.com/ChinaDaily/status/1227024707532161024/photo/1", "display_url": "pic.twitter.com/bDl3S6CzfQ"}], "hashtags": [{"start": 0, "end": 10, "tag": "FactCheck"}, {"start": 91, "end": 103, "tag": "coronavirus"}]}, "conversation_id": "1227024707532161024", "created_at": "2020-02-11T00:21:01.000Z", "id": "1227024707532161024", "author_id": "87775422", "lang": "en", "text": "#FactCheck Can regularly rinsing your nose with saline help prevent infection with the new #coronavirus? https://t.co/earYLTxMty https://t.co/bDl3S6CzfQ"}