{"text": "@WHO @WHOThailand @WHOKobe @WHOSEARO @WHOWPRO Place an OZONE MACHINE in  a central location in your home. Spray nose and throat with MESOSILVER going out and coming in. Mesosilver taken internally can cure the virus in a few days. I had SARS and was dying for three months. Mesosilver cured me in 10 days. DO IT!", "lang": "en", "id": "1227040930332577793", "source": "Twitter Web App", "entities": {"mentions": [{"start": 0, "end": 4, "username": "WHO", "id": "14499829"}, {"start": 5, "end": 17, "username": "WHOThailand", "id": "479264032"}, {"start": 18, "end": 26, "username": "WHOKobe", "id": "538804810"}, {"start": 27, "end": 36, "username": "WHOSEARO", "id": "1545915336"}, {"start": 37, "end": 45, "username": "WHOWPRO", "id": "3794682452"}]}, "conversation_id": "1218229883484155913", "created_at": "2020-02-11T01:25:29.000Z", "author_id": "842797856255868928", "in_reply_to_user_id": "14499829"}