{"id": "1227064664112021504", "in_reply_to_user_id": "87775422", "author_id": "1065199014159638528", "created_at": "2020-02-11T02:59:48.000Z", "conversation_id": "1227054906546126849", "entities": {"mentions": [{"start": 0, "end": 11, "username": "ChinaDaily", "id": "87775422"}]}, "source": "Twitter for Android", "text": "@ChinaDaily The antibody must exist in the blood of the people who had contracted the NCP and were cured.\nIt's possible to extract minor trace\nof such organic ingredients to analyze the molecular structure.", "lang": "en"}