{"entities": {"hashtags": [{"start": 150, "end": 162, "tag": "coronavirus"}, {"start": 270, "end": 280, "tag": "ecommerce"}], "annotations": [{"start": 49, "end": 53, "probability": 0.9643, "type": "Place", "normalized_text": "China"}, {"start": 105, "end": 109, "probability": 0.9827, "type": "Place", "normalized_text": "China"}], "urls": [{"start": 281, "end": 304, "url": "https://t.co/MPI6h3N4Yl", "expanded_url": "https://twitter.com/MarshaCollier/status/1227645298740207616/photo/1", "display_url": "pic.twitter.com/MPI6h3N4Yl"}]}, "author_id": "14262772", "created_at": "2020-02-12T17:27:02.000Z", "id": "1227645298740207616", "text": "Is it safe to receive a letter or a package from China?\n\nYes, it is safe. People receiving packages from China are not at risk of contracting the new #coronavirus. From previous analysis, we know coronaviruses do not survive long on objects such as letters or packages\n\n#ecommerce https://t.co/MPI6h3N4Yl", "source": "Buffer", "lang": "en", "conversation_id": "1227645298740207616"}