{"entities": {"hashtags": [{"start": 77, "end": 89, "tag": "Coronavirus"}, {"start": 278, "end": 295, "tag": "Coronavirustruth"}], "annotations": [{"start": 53, "end": 57, "probability": 0.984, "type": "Place", "normalized_text": "China"}], "mentions": [{"start": 0, "end": 14, "username": "MarshaCollier", "id": "14262772"}]}, "author_id": "2414579455", "in_reply_to_user_id": "14262772", "created_at": "2020-02-12T21:22:09.000Z", "id": "1227704469674172416", "text": "@MarshaCollier Absolutely the packages received from China will be safe from #Coronavirus. As virus need food to survive because virus do not prepare its own food, it is dependent on food made by others.\n\nThat's why when the virus enters in humany body we feel less energetic.\n\n#Coronavirustruth", "source": "Twitter for Android", "lang": "en", "conversation_id": "1227645298740207616"}