{"entities": {"annotations": [{"start": 18, "end": 25, "probability": 0.9192, "type": "Place", "normalized_text": "Pakistan"}, {"start": 44, "end": 48, "probability": 0.9588, "type": "Place", "normalized_text": "china"}], "mentions": [{"start": 0, "end": 13, "username": "noor_pareesa", "id": "1356736481252024323"}]}, "author_id": "866608090350841856", "in_reply_to_user_id": "1225758891427991553", "created_at": "2020-02-12T04:30:53.000Z", "id": "1227449973240991744", "text": "@noor_pareesa Yes Pakistan is standing with china but make sure not with Chinese \ud83d\ude11", "source": "Twitter for iPhone", "lang": "en", "conversation_id": "1226423008182579206"}