{"entities": {"hashtags": [{"start": 154, "end": 164, "tag": "ecommerce"}], "annotations": [{"start": 101, "end": 105, "probability": 0.5276, "type": "Place", "normalized_text": "Wuhan"}], "mentions": [{"start": 0, "end": 14, "username": "MarshaCollier", "id": "14262772"}]}, "author_id": "111657122", "in_reply_to_user_id": "14262772", "created_at": "2020-02-13T17:38:16.000Z", "id": "1228010512136298496", "text": "@MarshaCollier This is exactly what I told my 27 year old step-daughter after she got a package from Wuhan. People need to be cautious here not paranoid. #ecommerce", "source": "Twitter for Android", "lang": "en", "conversation_id": "1227645298740207616"}