{"source": "Twitter for Android", "in_reply_to_user_id": "1163056549423489025", "conversation_id": "1229723465088892928", "created_at": "2020-02-18T11:23:08.000Z", "entities": {"mentions": [{"start": 0, "end": 16, "username": "shastri_apoorva", "id": "1465725118777212938"}, {"start": 17, "end": 21, "username": "WHO", "id": "14499829"}, {"start": 22, "end": 30, "username": "WHOWPRO", "id": "3794682452"}, {"start": 31, "end": 40, "username": "WHOSEARO", "id": "1545915336"}, {"start": 41, "end": 52, "username": "WHO_Europe", "id": "125403342"}, {"start": 53, "end": 61, "username": "WHOEMRO", "id": "259372802"}, {"start": 62, "end": 70, "username": "WHOAFRO", "id": "544389588"}, {"start": 71, "end": 79, "username": "pahowho", "id": "20629893"}]}, "id": "1229728047257051138", "author_id": "1119168895343058946", "lang": "ht", "text": "@shastri_apoorva @WHO @WHOWPRO @WHOSEARO @WHO_Europe @WHOEMRO @WHOAFRO @pahowho Lmao"}