{"source": "Twitter for iPhone", "in_reply_to_user_id": "14499829", "entities": {"urls": [{"start": 177, "end": 200, "url": "https://t.co/qj5jmAggd4", "expanded_url": "https://twitter.com/hong_ilove/status/1229748961537216512/photo/1", "display_url": "pic.twitter.com/qj5jmAggd4"}], "mentions": [{"start": 0, "end": 4, "username": "WHO", "id": "14499829"}, {"start": 5, "end": 13, "username": "WHOWPRO", "id": "3794682452"}, {"start": 14, "end": 23, "username": "WHOSEARO", "id": "1545915336"}, {"start": 24, "end": 35, "username": "WHO_Europe", "id": "125403342"}, {"start": 36, "end": 44, "username": "WHOEMRO", "id": "259372802"}, {"start": 45, "end": 53, "username": "WHOAFRO", "id": "544389588"}, {"start": 54, "end": 62, "username": "pahowho", "id": "20629893"}], "hashtags": [{"start": 79, "end": 83, "tag": "WHO"}, {"start": 88, "end": 92, "tag": "CCP"}, {"start": 116, "end": 133, "tag": "ChinaCoronaVirus"}, {"start": 134, "end": 151, "tag": "WuhanCoronavirus"}, {"start": 152, "end": 167, "tag": "ChinaVirusHide"}, {"start": 168, "end": 176, "tag": "COVID19"}]}, "conversation_id": "1229723465088892928", "created_at": "2020-02-18T12:46:14.000Z", "id": "1229748961537216512", "author_id": "1162603312723554304", "lang": "en", "text": "@WHO @WHOWPRO @WHOSEARO @WHO_Europe @WHOEMRO @WHOAFRO @pahowho Human just know #WHO and #CCP kill the world easily! #ChinaCoronaVirus #WuhanCoronavirus #ChinaVirusHide #COVID19 https://t.co/qj5jmAggd4"}