{"source": "Twitter Web App", "in_reply_to_user_id": "14499829", "conversation_id": "1229723465088892928", "created_at": "2020-02-18T15:27:36.000Z", "entities": {"mentions": [{"start": 0, "end": 4, "username": "WHO", "id": "14499829"}, {"start": 5, "end": 13, "username": "WHOWPRO", "id": "3794682452"}, {"start": 14, "end": 23, "username": "WHOSEARO", "id": "1545915336"}, {"start": 24, "end": 35, "username": "WHO_Europe", "id": "125403342"}, {"start": 36, "end": 44, "username": "WHOEMRO", "id": "259372802"}, {"start": 45, "end": 53, "username": "WHOAFRO", "id": "544389588"}, {"start": 54, "end": 62, "username": "pahowho", "id": "20629893"}]}, "id": "1229789571346554881", "author_id": "120551874", "lang": "es", "text": "@WHO @WHOWPRO @WHOSEARO @WHO_Europe @WHOEMRO @WHOAFRO @pahowho saludos me preocupa mi watsapp twitter  en el telcel que manejo ya que me sacan de gente de otro pais que puede pasarpor las mismas y ser encarcelada en caso de acompa\u00f1ar neutral mente en otro pais solicito que se vuelva caso lo de las negligencias que pudieronno hacerdesvanecer."}