{"source": "Twitter Web App", "in_reply_to_user_id": "14499829", "entities": {"urls": [{"start": 302, "end": 325, "url": "https://t.co/UU29S38kYc", "expanded_url": "https://twitter.com/NicoleNonya/status/1229725354690064384/photo/1", "display_url": "pic.twitter.com/UU29S38kYc"}], "mentions": [{"start": 0, "end": 4, "username": "WHO", "id": "14499829"}, {"start": 5, "end": 13, "username": "WHOWPRO", "id": "3794682452"}, {"start": 14, "end": 23, "username": "WHOSEARO", "id": "1545915336"}, {"start": 24, "end": 35, "username": "WHO_Europe", "id": "125403342"}, {"start": 36, "end": 44, "username": "WHOEMRO", "id": "259372802"}, {"start": 45, "end": 53, "username": "WHOAFRO", "id": "544389588"}, {"start": 54, "end": 62, "username": "pahowho", "id": "20629893"}], "hashtags": [{"start": 111, "end": 125, "tag": "climatechange"}]}, "conversation_id": "1229723465088892928", "created_at": "2020-02-18T11:12:26.000Z", "id": "1229725354690064384", "author_id": "1212387740639121409", "lang": "en", "text": "@WHO @WHOWPRO @WHOSEARO @WHO_Europe @WHOEMRO @WHOAFRO @pahowho Who would think it would? Viruses are 'frozen'. #climatechange\nPeople get sick more often in the cold, b/c people hurdle together in clusters permitting germs to spread. Technically speaking, all year = flu season some where in the world. https://t.co/UU29S38kYc"}