{"source": "Twitter Web App", "in_reply_to_user_id": "14499829", "entities": {"urls": [{"start": 129, "end": 152, "url": "https://t.co/TdKoGmWrIr", "expanded_url": "http://bit.ly/COVID19Mythbusters", "display_url": "bit.ly/COVID19Mythbus\u2026", "images": [{"url": "https://pbs.twimg.com/news_img/1514229032996454409/5QZlMuvC?format=jpg&name=orig", "width": 1200, "height": 738}, {"url": "https://pbs.twimg.com/news_img/1514229032996454409/5QZlMuvC?format=jpg&name=150x150", "width": 150, "height": 150}], "status": 200, "title": "COVID-19 Mythbusters \u2013 World Health Organization", "description": "Highlighting some of the misinformation circulating on COVID-19", "unwound_url": "https://www.who.int/emergencies/diseases/novel-coronavirus-2019/advice-for-public/myth-busters"}, {"start": 177, "end": 200, "url": "https://t.co/fM3W12wni3", "expanded_url": "https://twitter.com/WHO/status/1229770637880840194/photo/1", "display_url": "pic.twitter.com/fM3W12wni3"}], "mentions": [{"start": 0, "end": 8, "username": "WHOWPRO", "id": "3794682452"}, {"start": 9, "end": 18, "username": "WHOSEARO", "id": "1545915336"}, {"start": 19, "end": 30, "username": "WHO_Europe", "id": "125403342"}, {"start": 31, "end": 39, "username": "WHOEMRO", "id": "259372802"}, {"start": 40, "end": 48, "username": "WHOAFRO", "id": "544389588"}, {"start": 49, "end": 57, "username": "pahowho", "id": "20629893"}], "hashtags": [{"start": 154, "end": 162, "tag": "COVID19"}, {"start": 163, "end": 176, "tag": "KnowtheFacts"}]}, "conversation_id": "1229723465088892928", "created_at": "2020-02-18T14:12:22.000Z", "id": "1229770637880840194", "author_id": "14499829", "lang": "en", "text": "@WHOWPRO @WHOSEARO @WHO_Europe @WHOEMRO @WHOAFRO @pahowho FACT: The new coronavirus cannot be transmitted through mosquito bites\nhttps://t.co/TdKoGmWrIr\n\n#COVID19 #KnowtheFacts https://t.co/fM3W12wni3"}