{"id": "1229973139339255808", "in_reply_to_user_id": "3794682452", "author_id": "1112557520877322240", "created_at": "2020-02-19T03:37:02.000Z", "conversation_id": "1229947054589272064", "entities": {"mentions": [{"start": 0, "end": 8, "username": "WHOWPRO", "id": "3794682452"}, {"start": 9, "end": 24, "username": "WHOPhilippines", "id": "2218026914"}, {"start": 39, "end": 53, "username": "takeshi_kasai", "id": "918829268372635648"}], "annotations": [{"start": 70, "end": 74, "probability": 0.9783, "type": "Place", "normalized_text": "India"}, {"start": 77, "end": 82, "probability": 0.7423, "type": "Place", "normalized_text": "Africa"}]}, "source": "Twitter for iPhone", "text": "@WHOWPRO @WHOPhilippines @WHO_Mongolia @takeshi_kasai But heat does - India, Africa and other places", "lang": "en"}