{"id": "1229955070646718466", "in_reply_to_user_id": "3794682452", "author_id": "1210387892", "created_at": "2020-02-19T02:25:14.000Z", "conversation_id": "1229947054589272064", "entities": {"mentions": [{"start": 0, "end": 8, "username": "WHOWPRO", "id": "3794682452"}, {"start": 9, "end": 24, "username": "WHOPhilippines", "id": "2218026914"}, {"start": 39, "end": 53, "username": "takeshi_kasai", "id": "918829268372635648"}]}, "source": "Twitter for iPad", "text": "@WHOWPRO @WHOPhilippines @WHO_Mongolia @takeshi_kasai Misleading information.", "lang": "en"}