{"source": "Twitter Web App", "in_reply_to_user_id": "1207587748715958272", "conversation_id": "1229723465088892928", "created_at": "2020-02-18T11:39:17.000Z", "entities": {"mentions": [{"start": 0, "end": 16, "username": "47B9GRf5GV41IiY", "id": "1207587748715958272"}, {"start": 17, "end": 21, "username": "WHO", "id": "14499829"}, {"start": 22, "end": 30, "username": "WHOWPRO", "id": "3794682452"}, {"start": 31, "end": 40, "username": "WHOSEARO", "id": "1545915336"}, {"start": 41, "end": 52, "username": "WHO_Europe", "id": "125403342"}, {"start": 53, "end": 61, "username": "WHOEMRO", "id": "259372802"}, {"start": 62, "end": 70, "username": "WHOAFRO", "id": "544389588"}, {"start": 71, "end": 79, "username": "pahowho", "id": "20629893"}]}, "id": "1229732112628174848", "author_id": "242587217", "lang": "en", "text": "@47B9GRf5GV41IiY @WHO @WHOWPRO @WHOSEARO @WHO_Europe @WHOEMRO @WHOAFRO @pahowho No it's we Chinese fighting the virus. WHO is only paid for praising our sacrifices."}