{"source": "Twitter Web App", "in_reply_to_user_id": "1125427502069964807", "conversation_id": "1229723465088892928", "created_at": "2020-02-18T12:43:38.000Z", "entities": {"mentions": [{"start": 0, "end": 8, "username": "cscnjzj", "id": "1125427502069964807"}, {"start": 9, "end": 13, "username": "WHO", "id": "14499829"}, {"start": 14, "end": 22, "username": "WHOWPRO", "id": "3794682452"}, {"start": 23, "end": 32, "username": "WHOSEARO", "id": "1545915336"}, {"start": 33, "end": 44, "username": "WHO_Europe", "id": "125403342"}, {"start": 45, "end": 53, "username": "WHOEMRO", "id": "259372802"}, {"start": 54, "end": 62, "username": "WHOAFRO", "id": "544389588"}, {"start": 63, "end": 71, "username": "pahowho", "id": "20629893"}], "annotations": [{"start": 72, "end": 80, "probability": 0.8499, "type": "Place", "normalized_text": "Singapore"}, {"start": 86, "end": 90, "probability": 0.8137, "type": "Place", "normalized_text": "Egypt"}]}, "id": "1229748305384656896", "author_id": "1015279282283827201", "lang": "en", "text": "@cscnjzj @WHO @WHOWPRO @WHOSEARO @WHO_Europe @WHOEMRO @WHOAFRO @pahowho Singapore and Egypt say no."}