{"source": "Twitter for Android", "in_reply_to_user_id": "1016365427927052288", "conversation_id": "1229723465088892928", "created_at": "2020-02-18T12:54:10.000Z", "entities": {"mentions": [{"start": 0, "end": 11, "username": "psyrystark", "id": "1016365427927052288"}, {"start": 12, "end": 16, "username": "WHO", "id": "14499829"}, {"start": 17, "end": 25, "username": "WHOWPRO", "id": "3794682452"}, {"start": 26, "end": 35, "username": "WHOSEARO", "id": "1545915336"}, {"start": 36, "end": 47, "username": "WHO_Europe", "id": "125403342"}, {"start": 48, "end": 56, "username": "WHOEMRO", "id": "259372802"}, {"start": 57, "end": 65, "username": "WHOAFRO", "id": "544389588"}, {"start": 66, "end": 74, "username": "pahowho", "id": "20629893"}]}, "id": "1229750957522612224", "author_id": "520217823", "lang": "en", "text": "@psyrystark @WHO @WHOWPRO @WHOSEARO @WHO_Europe @WHOEMRO @WHOAFRO @pahowho So,let it go \ud83d\ude02"}