{"entities": {"hashtags": [{"start": 96, "end": 104, "tag": "COVID19"}, {"start": 105, "end": 118, "tag": "KnowtheFacts"}], "urls": [{"start": 71, "end": 94, "url": "https://t.co/BOuqHUDjwL", "expanded_url": "http://bit.ly/COVID19Mythbusters", "display_url": "bit.ly/COVID19Mythbus\u2026"}, {"start": 119, "end": 142, "url": "https://t.co/ep3Iz9D5gO", "expanded_url": "https://twitter.com/WHOWPRO/status/1229947074285694977/photo/1", "display_url": "pic.twitter.com/ep3Iz9D5gO"}]}, "author_id": "3794682452", "in_reply_to_user_id": "3794682452", "created_at": "2020-02-19T01:53:28.000Z", "id": "1229947074285694977", "text": "FACT: The new coronavirus cannot be transmitted through mosquito bites\nhttps://t.co/BOuqHUDjwL\n\n#COVID19 #KnowtheFacts https://t.co/ep3Iz9D5gO", "source": "Twitter Web App", "lang": "en", "conversation_id": "1229947054589272064"}