{"source": "Twitter for iPhone", "in_reply_to_user_id": "14499829", "entities": {"urls": [{"start": 69, "end": 92, "url": "https://t.co/gAesOTZPiM", "expanded_url": "https://twitter.com/aujjjjjj111/status/1229733603283591169/photo/1", "display_url": "pic.twitter.com/gAesOTZPiM"}], "mentions": [{"start": 0, "end": 4, "username": "WHO", "id": "14499829"}, {"start": 5, "end": 13, "username": "WHOWPRO", "id": "3794682452"}, {"start": 14, "end": 23, "username": "WHOSEARO", "id": "1545915336"}, {"start": 24, "end": 35, "username": "WHO_Europe", "id": "125403342"}, {"start": 36, "end": 44, "username": "WHOEMRO", "id": "259372802"}, {"start": 45, "end": 53, "username": "WHOAFRO", "id": "544389588"}, {"start": 54, "end": 62, "username": "pahowho", "id": "20629893"}]}, "conversation_id": "1229723465088892928", "created_at": "2020-02-18T11:45:13.000Z", "id": "1229733603283591169", "author_id": "744916125373210624", "lang": "en", "text": "@WHO @WHOWPRO @WHOSEARO @WHO_Europe @WHOEMRO @WHOAFRO @pahowho Hello https://t.co/gAesOTZPiM"}