{"entities": {"hashtags": [{"start": 48, "end": 60, "tag": "coronavirus"}, {"start": 89, "end": 97, "tag": "COVID19"}, {"start": 98, "end": 111, "tag": "KnowtheFacts"}], "urls": [{"start": 63, "end": 86, "url": "https://t.co/BOuqHUDjwL", "expanded_url": "http://bit.ly/COVID19Mythbusters", "display_url": "bit.ly/COVID19Mythbus\u2026"}, {"start": 112, "end": 135, "url": "https://t.co/sBXR3u90RH", "expanded_url": "https://twitter.com/WHOWPRO/status/1229947054589272064/photo/1", "display_url": "pic.twitter.com/sBXR3u90RH"}]}, "author_id": "3794682452", "created_at": "2020-02-19T01:53:23.000Z", "id": "1229947054589272064", "text": "FACT: Cold weather and snow cannot kill the new #coronavirus \n\nhttps://t.co/BOuqHUDjwL \n\n#COVID19 #KnowtheFacts https://t.co/sBXR3u90RH", "source": "Twitter Web App", "lang": "en", "conversation_id": "1229947054589272064"}