{"source": "Twitter for Android", "in_reply_to_user_id": "14499829", "conversation_id": "1229723465088892928", "created_at": "2020-02-18T11:13:15.000Z", "entities": {"mentions": [{"start": 0, "end": 4, "username": "WHO", "id": "14499829"}, {"start": 5, "end": 13, "username": "WHOWPRO", "id": "3794682452"}, {"start": 14, "end": 23, "username": "WHOSEARO", "id": "1545915336"}, {"start": 24, "end": 35, "username": "WHO_Europe", "id": "125403342"}, {"start": 36, "end": 44, "username": "WHOEMRO", "id": "259372802"}, {"start": 45, "end": 53, "username": "WHOAFRO", "id": "544389588"}, {"start": 54, "end": 62, "username": "pahowho", "id": "20629893"}], "annotations": [{"start": 105, "end": 106, "probability": 0.5906, "type": "Place", "normalized_text": "US"}]}, "id": "1229725558935838721", "author_id": "897936099028455424", "lang": "en", "text": "@WHO @WHOWPRO @WHOSEARO @WHO_Europe @WHOEMRO @WHOAFRO @pahowho Can you please either support or deny the US presidents claims that the heat of April will kill it? Despite all logic it still needs to be said aloud. Thank you."}