{"source": "Twitter for iPhone", "in_reply_to_user_id": "723319704710844417", "conversation_id": "1229723465088892928", "created_at": "2020-02-18T13:46:21.000Z", "entities": {"mentions": [{"start": 15, "end": 19, "username": "WHO", "id": "14499829"}, {"start": 20, "end": 28, "username": "WHOWPRO", "id": "3794682452"}, {"start": 29, "end": 38, "username": "WHOSEARO", "id": "1545915336"}, {"start": 39, "end": 50, "username": "WHO_Europe", "id": "125403342"}, {"start": 51, "end": 59, "username": "WHOEMRO", "id": "259372802"}, {"start": 60, "end": 68, "username": "WHOAFRO", "id": "544389588"}, {"start": 69, "end": 77, "username": "pahowho", "id": "20629893"}], "annotations": [{"start": 172, "end": 177, "probability": 0.3795, "type": "Product", "normalized_text": "google"}]}, "id": "1229764089980866560", "author_id": "471616719", "lang": "en", "text": "@Humanist_2020 @WHO @WHOWPRO @WHOSEARO @WHO_Europe @WHOEMRO @WHOAFRO @pahowho Sodium hypochlorite 6% or 8% (bleach) diluted appropriately for surfaces. Look up dilution on google or WHO website"}