{"source": "Twitter for Android", "in_reply_to_user_id": "14499829", "conversation_id": "1229723465088892928", "created_at": "2020-02-18T18:56:14.000Z", "entities": {"mentions": [{"start": 0, "end": 4, "username": "WHO", "id": "14499829"}, {"start": 5, "end": 13, "username": "WHOWPRO", "id": "3794682452"}, {"start": 14, "end": 23, "username": "WHOSEARO", "id": "1545915336"}, {"start": 24, "end": 35, "username": "WHO_Europe", "id": "125403342"}, {"start": 36, "end": 44, "username": "WHOEMRO", "id": "259372802"}, {"start": 45, "end": 53, "username": "WHOAFRO", "id": "544389588"}, {"start": 54, "end": 62, "username": "pahowho", "id": "20629893"}], "annotations": [{"start": 63, "end": 67, "probability": 0.9742, "type": "Place", "normalized_text": "China"}, {"start": 185, "end": 189, "probability": 0.8277, "type": "Place", "normalized_text": "Wuhan"}, {"start": 208, "end": 212, "probability": 0.9855, "type": "Place", "normalized_text": "China"}]}, "id": "1229842075027415040", "author_id": "255600644", "lang": "en", "text": "@WHO @WHOWPRO @WHOSEARO @WHO_Europe @WHOEMRO @WHOAFRO @pahowho China is lying and WHO don't do anything to challenge them. Shame on you, we are seeing dead bodies all over the place in Wuhan. You are helping China kill many people. What are they giving you. We all know where the Virus come from. The truth will come out, WHO shame on you."}