{"source": "Twitter Web App", "entities": {"urls": [{"start": 63, "end": 86, "url": "https://t.co/TdKoGmWrIr", "expanded_url": "http://bit.ly/COVID19Mythbusters", "display_url": "bit.ly/COVID19Mythbus\u2026"}, {"start": 112, "end": 135, "url": "https://t.co/yUCL30mxYd", "expanded_url": "https://twitter.com/WHO/status/1229723465088892928/photo/1", "display_url": "pic.twitter.com/yUCL30mxYd"}], "hashtags": [{"start": 48, "end": 60, "tag": "coronavirus"}, {"start": 89, "end": 97, "tag": "COVID19"}, {"start": 98, "end": 111, "tag": "KnowtheFacts"}]}, "conversation_id": "1229723465088892928", "created_at": "2020-02-18T11:04:55.000Z", "id": "1229723465088892928", "author_id": "14499829", "lang": "en", "text": "FACT: Cold weather and snow cannot kill the new #coronavirus \n\nhttps://t.co/TdKoGmWrIr \n\n#COVID19 #KnowtheFacts https://t.co/yUCL30mxYd"}