{"source": "Twitter Web App", "in_reply_to_user_id": "14499829", "conversation_id": "1229723465088892928", "created_at": "2020-02-18T11:49:48.000Z", "entities": {"mentions": [{"start": 0, "end": 4, "username": "WHO", "id": "14499829"}, {"start": 5, "end": 13, "username": "WHOWPRO", "id": "3794682452"}, {"start": 14, "end": 23, "username": "WHOSEARO", "id": "1545915336"}, {"start": 24, "end": 35, "username": "WHO_Europe", "id": "125403342"}, {"start": 36, "end": 44, "username": "WHOEMRO", "id": "259372802"}, {"start": 45, "end": 53, "username": "WHOAFRO", "id": "544389588"}, {"start": 54, "end": 62, "username": "pahowho", "id": "20629893"}], "hashtags": [{"start": 98, "end": 108, "tag": "minnesota"}, {"start": 128, "end": 140, "tag": "coronavirus"}]}, "id": "1229734760123191296", "author_id": "723319704710844417", "lang": "en", "text": "@WHO @WHOWPRO @WHOSEARO @WHO_Europe @WHOEMRO @WHOAFRO @pahowho too bad -  i live in the tundra of #minnesota\nwhat does kill the #coronavirus ? isopropyl alcohol ? 90%?"}