{"source": "Twitter for iPhone", "in_reply_to_user_id": "796645155558346752", "conversation_id": "1229723465088892928", "created_at": "2020-02-18T12:17:02.000Z", "entities": {"mentions": [{"start": 0, "end": 16, "username": "Whatsinaname666", "id": "796645155558346752"}, {"start": 17, "end": 21, "username": "WHO", "id": "14499829"}, {"start": 22, "end": 30, "username": "WHOWPRO", "id": "3794682452"}, {"start": 31, "end": 40, "username": "WHOSEARO", "id": "1545915336"}, {"start": 41, "end": 52, "username": "WHO_Europe", "id": "125403342"}, {"start": 53, "end": 61, "username": "WHOEMRO", "id": "259372802"}, {"start": 62, "end": 70, "username": "WHOAFRO", "id": "544389588"}, {"start": 71, "end": 79, "username": "pahowho", "id": "20629893"}, {"start": 138, "end": 142, "username": "WHO", "id": "14499829"}], "hashtags": [{"start": 125, "end": 132, "tag": "Taiwan"}]}, "id": "1229741613598904320", "author_id": "940642775967526912", "lang": "en", "text": "@Whatsinaname666 @WHO @WHOWPRO @WHOSEARO @WHO_Europe @WHOEMRO @WHOAFRO @pahowho This is exactly what I\u2019m thinking!\ud83e\udd1d\n\nAnd let #Taiwan join @WHO!"}