{"entities": {"hashtags": [{"start": 78, "end": 82, "tag": "WHO"}], "urls": [{"start": 172, "end": 195, "url": "https://t.co/jL4735UU6n", "expanded_url": "https://twitter.com/vibracool/status/1230539792439484422/photo/1", "display_url": "pic.twitter.com/jL4735UU6n"}]}, "author_id": "3323668840", "lang": "en", "source": "SmarterQueue", "text": "All your questions on coronavirus answered in this updated Q &amp; A from the #WHO. Does a mask protect me? How long does the virus survive on surfaces? How is it treated? https://t.co/jL4735UU6n", "created_at": "2020-02-20T17:08:43.000Z", "id": "1230539792439484422", "conversation_id": "1230539792439484422"}