{"id": "1230050196442140674", "in_reply_to_user_id": "3794682452", "author_id": "592281246", "created_at": "2020-02-19T08:43:14.000Z", "conversation_id": "1229947054589272064", "entities": {"mentions": [{"start": 0, "end": 8, "username": "WHOWPRO", "id": "3794682452"}, {"start": 9, "end": 13, "username": "WHO", "id": "14499829"}, {"start": 14, "end": 29, "username": "WHOPhilippines", "id": "2218026914"}, {"start": 44, "end": 58, "username": "takeshi_kasai", "id": "918829268372635648"}]}, "source": "Twitter Web App", "text": "@WHOWPRO @WHO @WHOPhilippines @WHO_Mongolia @takeshi_kasai Stupid post! I used to respect WHO but how it\u2019s handling the covid-19 spread, may as well dismiss the organisation entirely. Waste of resources and money!", "lang": "en"}