{"id": "1230139897501175813", "in_reply_to_user_id": "3794682452", "author_id": "1212377473377161218", "created_at": "2020-02-19T14:39:41.000Z", "conversation_id": "1229947054589272064", "entities": {"hashtags": [{"start": 77, "end": 82, "tag": "warm"}, {"start": 83, "end": 91, "tag": "weather"}, {"start": 101, "end": 110, "tag": "humidity"}, {"start": 138, "end": 150, "tag": "coronavirus"}, {"start": 181, "end": 191, "tag": "Singapore"}, {"start": 228, "end": 236, "tag": "COVID19"}, {"start": 259, "end": 272, "tag": "intervention"}, {"start": 274, "end": 285, "tag": "quarantine"}, {"start": 287, "end": 295, "tag": "hygiene"}, {"start": 306, "end": 314, "tag": "vaccine"}], "mentions": [{"start": 0, "end": 8, "username": "WHOWPRO", "id": "3794682452"}, {"start": 9, "end": 13, "username": "WHO", "id": "14499829"}, {"start": 14, "end": 29, "username": "WHOPhilippines", "id": "2218026914"}, {"start": 44, "end": 58, "username": "takeshi_kasai", "id": "918829268372635648"}]}, "source": "Twitter for Android", "text": "@WHOWPRO @WHO @WHOPhilippines @WHO_Mongolia @takeshi_kasai More importantly, #warm #weather and high #humidity also cannot kill the novel #coronavirus, as the surge in new cases in #Singapore has shown. Our only defense against #COVID19 at this time is EARLY #intervention, #quarantine, #hygiene. I hope a #vaccine could be developed soon.", "lang": "en"}