{"source": "Twitter for iPhone", "in_reply_to_user_id": "14499829", "conversation_id": "1229723465088892928", "created_at": "2020-02-20T21:34:31.000Z", "entities": {"mentions": [{"start": 0, "end": 4, "username": "WHO", "id": "14499829"}, {"start": 5, "end": 15, "username": "arzubarsk", "id": "199397015"}, {"start": 16, "end": 24, "username": "WHOWPRO", "id": "3794682452"}, {"start": 25, "end": 34, "username": "WHOSEARO", "id": "1545915336"}, {"start": 35, "end": 46, "username": "WHO_Europe", "id": "125403342"}, {"start": 47, "end": 55, "username": "WHOEMRO", "id": "259372802"}, {"start": 56, "end": 64, "username": "WHOAFRO", "id": "544389588"}, {"start": 65, "end": 73, "username": "pahowho", "id": "20629893"}]}, "id": "1230606684826951680", "author_id": "859047564", "lang": "en", "text": "@WHO @arzubarsk @WHOWPRO @WHOSEARO @WHO_Europe @WHOEMRO @WHOAFRO @pahowho Yeah? What about our food supply? Water supply? You put profits ahead of people"}