{"lang": "en", "author_id": "963883959414349826", "source": "Twitter for Android", "in_reply_to_user_id": "3794682452", "entities": {"mentions": [{"start": 0, "end": 8, "username": "WHOWPRO", "id": "3794682452"}, {"start": 9, "end": 18, "username": "NHPINDIA", "id": "1497890814"}, {"start": 19, "end": 32, "username": "MOH_Mongolia", "id": "975409454"}, {"start": 33, "end": 43, "username": "Fiji_MOFA", "id": "1071536989197881344"}, {"start": 44, "end": 53, "username": "sporeMOH", "id": "78772642"}, {"start": 54, "end": 59, "username": "dfat", "id": "273730280"}, {"start": 70, "end": 80, "username": "MHLWitter", "id": "180585090"}, {"start": 81, "end": 90, "username": "DrTedros", "id": "189868631"}]}, "id": "1230020652977074176", "created_at": "2020-02-19T06:45:51.000Z", "text": "@WHOWPRO @NHPINDIA @MOH_Mongolia @Fiji_MOFA @sporeMOH @dfat @KoreaCDC @MHLWitter @DrTedros \nMy name is Abdel fattah Al hossainy\nFrom Egypt\nGraduated from the faculty of agriculture\nEducated\nadvanced analysis chemistry\nHPLC machine\nNMR machine\nI think that you can extract the cure from\nThe black seed\nLatin name is\nNigella Sativa", "conversation_id": "1229947054589272064"}