{"id": "1230141595481042946", "in_reply_to_user_id": "3794682452", "author_id": "1213856935377686533", "created_at": "2020-02-19T14:46:25.000Z", "conversation_id": "1229947054589272064", "entities": {"mentions": [{"start": 0, "end": 8, "username": "WHOWPRO", "id": "3794682452"}, {"start": 9, "end": 24, "username": "WHOPhilippines", "id": "2218026914"}, {"start": 39, "end": 53, "username": "takeshi_kasai", "id": "918829268372635648"}], "annotations": [{"start": 63, "end": 70, "probability": 0.4268, "type": "Person", "normalized_text": "sherlock"}]}, "source": "Twitter for iPhone", "text": "@WHOWPRO @WHOPhilippines @WHO_Mongolia @takeshi_kasai no shit, sherlock", "lang": "en"}