{"id": "1230025219957559296", "in_reply_to_user_id": "3794682452", "author_id": "934851121046282240", "created_at": "2020-02-19T07:03:59.000Z", "conversation_id": "1229947054589272064", "entities": {"hashtags": [{"start": 97, "end": 109, "tag": "Coronavirus"}, {"start": 116, "end": 119, "tag": "5G"}, {"start": 302, "end": 310, "tag": "covid19"}], "mentions": [{"start": 0, "end": 8, "username": "WHOWPRO", "id": "3794682452"}, {"start": 9, "end": 13, "username": "WHO", "id": "14499829"}, {"start": 14, "end": 29, "username": "WHOPhilippines", "id": "2218026914"}, {"start": 44, "end": 58, "username": "takeshi_kasai", "id": "918829268372635648"}]}, "source": "Twitter for iPhone", "text": "@WHOWPRO @WHO @WHOPhilippines @WHO_Mongolia @takeshi_kasai Wuhan is particularly affected by 5G: #Coronavirus &amp; #5G = 5G affects the organism differently than 3G / 4G. An increase in body temperature has been demonstrated - does a persistent, mild fever make us more susceptible for virus infects? #covid19", "lang": "en"}