{"author_id": "40265309", "entities": {"urls": [{"start": 53, "end": 76, "url": "https://t.co/sPs0PmuClu", "expanded_url": "https://www.who.int/news-room/q-a-detail/q-a-coronaviruses", "display_url": "who.int/news-room/q-a-\u2026"}], "mentions": [{"start": 0, "end": 10, "username": "vibracool", "id": "3323668840"}]}, "lang": "en", "source": "Twitter Web App", "text": "@vibracool Sorry about the missing link, here it is. https://t.co/sPs0PmuClu", "created_at": "2020-02-20T20:59:19.000Z", "id": "1230597826742280207", "in_reply_to_user_id": "3323668840", "conversation_id": "1230539792439484422"}